# Deterministic 10 km x 10 km engineering terrain, ENU meters.
o engineering_terrain
v -5000.000 -5000.000 0.000
v -4687.500 -5000.000 0.000
v -4375.000 -5000.000 0.228
v -4062.500 -5000.000 3.257
v -3750.000 -5000.000 6.125
v -3437.500 -5000.000 8.690
v -3125.000 -5000.000 10.823
v -2812.500 -5000.000 12.419
v -2500.000 -5000.000 13.399
v -2187.500 -5000.000 13.714
v -1875.000 -5000.000 13.349
v -1562.500 -5000.000 12.323
v -1250.000 -5000.000 10.686
v -937.500 -5000.000 8.520
v -625.000 -5000.000 5.934
v -312.500 -5000.000 3.058
v 0.000 -5000.000 0.033
v 312.500 -5000.000 0.000
v 625.000 -5000.000 0.000
v 937.500 -5000.000 0.000
v 1250.000 -5000.000 0.000
v 1562.500 -5000.000 0.000
v 1875.000 -5000.000 0.000
v 2187.500 -5000.000 0.000
v 2500.000 -5000.000 0.000
v 2812.500 -5000.000 0.000
v 3125.000 -5000.000 0.000
v 3437.500 -5000.000 0.000
v 3750.000 -5000.000 0.000
v 4062.500 -5000.000 0.000
v 4375.000 -5000.000 0.000
v 4687.500 -5000.000 2.819
v 5000.000 -5000.000 5.718
v -5000.000 -4687.500 0.000
v -4687.500 -4687.500 0.000
v -4375.000 -4687.500 0.267
v -4062.500 -4687.500 3.823
v -3750.000 -4687.500 7.189
v -3437.500 -4687.500 10.199
v -3125.000 -4687.500 12.702
v -2812.500 -4687.500 14.575
v -2500.000 -4687.500 15.726
v -2187.500 -4687.500 16.096
v -1875.000 -4687.500 15.669
v -1562.500 -4687.500 14.467
v -1250.000 -4687.500 12.550
v -937.500 -4687.500 10.016
v -625.000 -4687.500 6.993
v -312.500 -4687.500 3.635
v 0.000 -4687.500 0.110
v 312.500 -4687.500 0.000
v 625.000 -4687.500 0.000
v 937.500 -4687.500 0.000
v 1250.000 -4687.500 0.000
v 1562.500 -4687.500 0.000
v 1875.000 -4687.500 0.000
v 2187.500 -4687.500 0.000
v 2500.000 -4687.500 0.000
v 2812.500 -4687.500 0.000
v 3125.000 -4687.500 0.000
v 3437.500 -4687.500 0.000
v 3750.000 -4687.500 0.000
v 4062.500 -4687.500 0.000
v 4375.000 -4687.500 0.000
v 4687.500 -4687.500 3.321
v 5000.000 -4687.500 6.717
v -5000.000 -4375.000 0.000
v -4687.500 -4375.000 0.000
v -4375.000 -4375.000 0.291
v -4062.500 -4375.000 4.169
v -3750.000 -4375.000 7.839
v -3437.500 -4375.000 11.121
v -3125.000 -4375.000 13.851
v -2812.500 -4375.000 15.894
v -2500.000 -4375.000 17.149
v -2187.500 -4375.000 17.555
v -1875.000 -4375.000 17.092
v -1562.500 -4375.000 15.788
v -1250.000 -4375.000 13.710
v -937.500 -4375.000 10.969
v -625.000 -4375.000 7.708
v -312.500 -4375.000 4.098
v 0.000 -4375.000 0.325
v 312.500 -4375.000 0.000
v 625.000 -4375.000 0.000
v 937.500 -4375.000 0.000
v 1250.000 -4375.000 0.000
v 1562.500 -4375.000 0.000
v 1875.000 -4375.000 0.000
v 2187.500 -4375.000 0.000
v 2500.000 -4375.000 0.000
v 2812.500 -4375.000 0.000
v 3125.000 -4375.000 0.000
v 3437.500 -4375.000 0.000
v 3750.000 -4375.000 0.000
v 4062.500 -4375.000 0.000
v 4375.000 -4375.000 0.000
v 4687.500 -4375.000 3.656
v 5000.000 -4375.000 7.343
v -5000.000 -4062.500 0.000
v -4687.500 -4062.500 0.000
v -4375.000 -4062.500 0.299
v -4062.500 -4062.500 4.275
v -3750.000 -4062.500 8.039
v -3437.500 -4062.500 11.404
v -3125.000 -4062.500 14.204
v -2812.500 -4062.500 16.299
v -2500.000 -4062.500 17.588
v -2187.500 -4062.500 18.008
v -1875.000 -4062.500 17.542
v -1562.500 -4062.500 16.221
v -1250.000 -4062.500 14.123
v -937.500 -4062.500 11.368
v -625.000 -4062.500 8.114
v -312.500 -4062.500 4.545
v 0.000 -4062.500 0.856
v 312.500 -4062.500 0.000
v 625.000 -4062.500 0.000
v 937.500 -4062.500 0.000
v 1250.000 -4062.500 0.000
v 1562.500 -4062.500 0.000
v 1875.000 -4062.500 0.000
v 2187.500 -4062.500 0.000
v 2500.000 -4062.500 0.000
v 2812.500 -4062.500 0.000
v 3125.000 -4062.500 0.000
v 3437.500 -4062.500 0.000
v 3750.000 -4062.500 0.000
v 4062.500 -4062.500 0.000
v 4375.000 -4062.500 0.000
v 4687.500 -4062.500 3.839
v 5000.000 -4062.500 7.576
v -5000.000 -3750.000 0.000
v -4687.500 -3750.000 0.000
v -4375.000 -3750.000 0.289
v -4062.500 -3750.000 4.135
v -3750.000 -3750.000 7.776
v -3437.500 -3750.000 11.031
v -3125.000 -3750.000 13.740
v -2812.500 -3750.000 15.768
v -2500.000 -3750.000 17.019
v -2187.500 -3750.000 17.433
v -1875.000 -3750.000 17.002
v -1562.500 -3750.000 15.763
v -1250.000 -3750.000 13.806
v -937.500 -3750.000 11.267
v -625.000 -3750.000 8.322
v -312.500 -3750.000 5.170
v 0.000 -3750.000 2.009
v 312.500 -3750.000 0.000
v 625.000 -3750.000 0.000
v 937.500 -3750.000 0.000
v 1250.000 -3750.000 0.000
v 1562.500 -3750.000 0.000
v 1875.000 -3750.000 0.000
v 2187.500 -3750.000 0.000
v 2500.000 -3750.000 0.000
v 2812.500 -3750.000 0.000
v 3125.000 -3750.000 0.000
v 3437.500 -3750.000 0.000
v 3750.000 -3750.000 0.000
v 4062.500 -3750.000 0.000
v 4375.000 -3750.000 0.333
v 4687.500 -3750.000 3.916
v 5000.000 -3750.000 7.433
v -5000.000 -3437.500 0.000
v -4687.500 -3437.500 0.000
v -4375.000 -3437.500 0.262
v -4062.500 -3437.500 3.757
v -3750.000 -3437.500 7.066
v -3437.500 -3437.500 10.024
v -3125.000 -3437.500 12.487
v -2812.500 -3437.500 14.333
v -2500.000 -3437.500 15.477
v -2187.500 -3437.500 15.871
v -1875.000 -3437.500 15.518
v -1562.500 -3437.500 14.469
v -1250.000 -3437.500 12.836
v -937.500 -3437.500 10.783
v -625.000 -3437.500 8.514
v -312.500 -3437.500 6.252
v 0.000 -3437.500 4.199
v 312.500 -3437.500 2.490
v 625.000 -3437.500 1.161
v 937.500 -3437.500 0.141
v 1250.000 -3437.500 0.000
v 1562.500 -3437.500 0.000
v 1875.000 -3437.500 0.000
v 2187.500 -3437.500 0.000
v 2500.000 -3437.500 0.000
v 2812.500 -3437.500 0.000
v 3125.000 -3437.500 0.000
v 3437.500 -3437.500 0.000
v 3750.000 -3437.500 0.000
v 4062.500 -3437.500 0.000
v 4375.000 -3437.500 1.037
v 4687.500 -3437.500 3.965
v 5000.000 -3437.500 6.965
v -5000.000 -3125.000 0.000
v -4687.500 -3125.000 0.000
v -4375.000 -3125.000 0.221
v -4062.500 -3125.000 3.164
v -3750.000 -3125.000 5.950
v -3437.500 -3125.000 8.442
v -3125.000 -3125.000 10.517
v -2812.500 -3125.000 12.077
v -2500.000 -3125.000 13.053
v -2187.500 -3125.000 13.417
v -1875.000 -3125.000 13.189
v -1562.500 -3125.000 12.446
v -1250.000 -3125.000 11.334
v -937.500 -3125.000 10.062
v -625.000 -3125.000 8.887
v -312.500 -3125.000 8.071
v 0.000 -3125.000 7.820
v 312.500 -3125.000 8.209
v 625.000 -3125.000 9.130
v 937.500 -3125.000 10.280
v 1250.000 -3125.000 11.234
v 1562.500 -3125.000 11.563
v 1875.000 -3125.000 10.982
v 2187.500 -3125.000 9.459
v 2500.000 -3125.000 7.238
v 2812.500 -3125.000 4.766
v 3125.000 -3125.000 2.558
v 3437.500 -3125.000 1.047
v 3750.000 -3125.000 0.487
v 4062.500 -3125.000 0.918
v 4375.000 -3125.000 2.198
v 4687.500 -3125.000 4.073
v 5000.000 -3125.000 6.244
v -5000.000 -2812.500 0.000
v -4687.500 -2812.500 0.000
v -4375.000 -2812.500 0.167
v -4062.500 -2812.500 2.388
v -3750.000 -2812.500 4.492
v -3437.500 -2812.500 6.374
v -3125.000 -2812.500 7.944
v -2812.500 -2812.500 9.130
v -2500.000 -2812.500 9.889
v -2187.500 -2812.500 10.216
v -1875.000 -2812.500 10.158
v -1562.500 -2812.500 9.829
v -1250.000 -2812.500 9.423
v -937.500 -2812.500 9.218
v -625.000 -2812.500 9.544
v -312.500 -2812.500 10.724
v 0.000 -2812.500 12.974
v 312.500 -2812.500 16.286
v 625.000 -2812.500 20.346
v 937.500 -2812.500 24.530
v 1250.000 -2812.500 28.017
v 1562.500 -2812.500 30.002
v 1875.000 -2812.500 29.940
v 2187.500 -2812.500 27.735
v 2500.000 -2812.500 23.773
v 2812.500 -2812.500 18.812
v 3125.000 -2812.500 13.747
v 3437.500 -2812.500 9.368
v 3750.000 -2812.500 6.188
v 4062.500 -2812.500 4.383
v 4375.000 -2812.500 3.847
v 4687.500 -2812.500 4.286
v 5000.000 -2812.500 5.341
v -5000.000 -2500.000 0.000
v -4687.500 -2500.000 0.000
v -4375.000 -2500.000 0.103
v -4062.500 -2500.000 1.476
v -3750.000 -2500.000 2.775
v -3437.500 -2500.000 3.940
v -3125.000 -2500.000 4.915
v -2812.500 -2500.000 5.662
v -2500.000 -2500.000 6.166
v -2187.500 -2500.000 6.451
v -1875.000 -2500.000 6.595
v -1562.500 -2500.000 6.756
v -1250.000 -2500.000 7.191
v -937.500 -2500.000 8.255
v -625.000 -2500.000 10.371
v -312.500 -2500.000 13.936
v 0.000 -2500.000 19.179
v 312.500 -2500.000 25.993
v 625.000 -2500.000 33.810
v 937.500 -2500.000 41.624
v 1250.000 -2500.000 48.143
v 1562.500 -2500.000 52.110
v 1875.000 -2500.000 52.667
v 2187.500 -2500.000 49.637
v 2500.000 -2500.000 43.584
v 2812.500 -2500.000 35.635
v 3125.000 -2500.000 27.143
v 3437.500 -2500.000 19.325
v 3750.000 -2500.000 13.008
v 4062.500 -2500.000 8.532
v 4375.000 -2500.000 5.828
v 4687.500 -2500.000 4.560
v 5000.000 -2500.000 4.289
v -5000.000 -2187.500 0.000
v -4687.500 -2187.500 0.000
v -4375.000 -2187.500 0.034
v -4062.500 -2187.500 0.478
v -3750.000 -2187.500 0.900
v -3437.500 -2187.500 1.280
v -3125.000 -2187.500 1.605
v -2812.500 -2187.500 1.871
v -2500.000 -2187.500 2.094
v -2187.500 -2187.500 2.328
v -1875.000 -2187.500 2.682
v -1562.500 -2187.500 3.356
v -1250.000 -2187.500 4.665
v -937.500 -2187.500 7.041
v -625.000 -2187.500 10.994
v -312.500 -2187.500 16.993
v 0.000 -2187.500 25.284
v 312.500 -2187.500 35.638
v 625.000 -2187.500 47.216
v 937.500 -2187.500 58.644
v 1250.000 -2187.500 68.192
v 1562.500 -2187.500 74.148
v 1875.000 -2187.500 75.344
v 2187.500 -2187.500 71.520
v 2500.000 -2187.500 63.408
v 2812.500 -2187.500 52.501
v 3125.000 -2187.500 40.603
v 3437.500 -2187.500 29.352
v 3750.000 -2187.500 19.880
v 4062.500 -2187.500 12.699
v 4375.000 -2187.500 7.776
v 4687.500 -2187.500 4.738
v 5000.000 -2187.500 3.077
v -5000.000 -1875.000 0.961
v -4687.500 -1875.000 0.474
v -4375.000 -1875.000 0.000
v -4062.500 -1875.000 0.000
v -3750.000 -1875.000 0.000
v -3437.500 -1875.000 0.000
v -3125.000 -1875.000 0.000
v -2812.500 -1875.000 0.000
v -2500.000 -1875.000 0.000
v -2187.500 -1875.000 0.000
v -1875.000 -1875.000 0.000
v -1562.500 -1875.000 0.000
v -1250.000 -1875.000 1.844
v -937.500 -1875.000 5.368
v -625.000 -1875.000 10.890
v -312.500 -1875.000 18.947
v 0.000 -1875.000 29.807
v 312.500 -1875.000 43.068
v 625.000 -1875.000 57.572
v 937.500 -1875.000 71.745
v 1250.000 -1875.000 83.627
v 1562.500 -1875.000 91.160
v 1875.000 -1875.000 92.911
v 2187.500 -1875.000 88.550
v 2500.000 -1875.000 78.929
v 2812.500 -1875.000 65.803
v 3125.000 -1875.000 51.304
v 3437.500 -1875.000 37.382
v 3750.000 -1875.000 25.401
v 4062.500 -1875.000 16.002
v 4375.000 -1875.000 9.198
v 4687.500 -1875.000 4.601
v 5000.000 -1875.000 1.666
v -5000.000 -1562.500 2.705
v -4687.500 -1562.500 1.333
v -4375.000 -1562.500 0.000
v -4062.500 -1562.500 0.000
v -3750.000 -1562.500 0.000
v -3437.500 -1562.500 0.000
v -3125.000 -1562.500 0.000
v -2812.500 -1562.500 0.000
v -2500.000 -1562.500 0.000
v -2187.500 -1562.500 0.000
v -1875.000 -1562.500 0.000
v -1562.500 -1562.500 0.000
v -1250.000 -1562.500 0.000
v -937.500 -1562.500 3.095
v -625.000 -1562.500 9.654
v -312.500 -1562.500 19.069
v 0.000 -1562.500 31.690
v 312.500 -1562.500 46.753
v 625.000 -1562.500 62.563
v 937.500 -1562.500 77.737
v 1250.000 -1562.500 90.602
v 1562.500 -1562.500 98.922
v 1875.000 -1562.500 101.054
v 2187.500 -1562.500 96.605
v 2500.000 -1562.500 86.458
v 2812.500 -1562.500 72.451
v 3125.000 -1562.500 56.827
v 3437.500 -1562.500 41.645
v 3750.000 -1562.500 28.364
v 4062.500 -1562.500 17.690
v 4375.000 -1562.500 9.678
v 4687.500 -1562.500 3.970
v 5000.000 -1562.500 0.040
v -5000.000 -1250.000 4.295
v -4687.500 -1250.000 2.119
v -4375.000 -1250.000 0.000
v -4062.500 -1250.000 0.000
v -3750.000 -1250.000 0.000
v -3437.500 -1250.000 0.000
v -3125.000 -1250.000 0.000
v -2812.500 -1250.000 0.000
v -2500.000 -1250.000 0.000
v -2187.500 -1250.000 0.000
v -1875.000 -1250.000 0.000
v -1562.500 -1250.000 0.000
v -1250.000 -1250.000 0.000
v -937.500 -1250.000 0.306
v -625.000 -1250.000 7.260
v -312.500 -1250.000 17.304
v 0.000 -1250.000 31.032
v 312.500 -1250.000 46.848
v 625.000 -1250.000 61.886
v 937.500 -1250.000 75.673
v 1250.000 -1250.000 87.774
v 1562.500 -1250.000 95.919
v 1875.000 -1250.000 98.212
v 2187.500 -1250.000 94.184
v 2500.000 -1250.000 84.641
v 2812.500 -1250.000 71.299
v 3125.000 -1250.000 56.259
v 3437.500 -1250.000 41.465
v 3750.000 -1250.000 28.305
v 4062.500 -1250.000 17.478
v 4375.000 -1250.000 9.080
v 4687.500 -1250.000 2.822
v 5000.000 -1250.000 0.000
v -5000.000 -937.500 5.641
v -4687.500 -937.500 2.792
v -4375.000 -937.500 0.000
v -4062.500 -937.500 0.000
v -3750.000 -937.500 0.000
v -3437.500 -937.500 0.000
v -3125.000 -937.500 0.000
v -2812.500 -937.500 0.000
v -2500.000 -937.500 0.000
v -2187.500 -937.500 0.000
v -1875.000 -937.500 0.000
v -1562.500 -937.500 0.000
v -1250.000 -937.500 0.000
v -937.500 -937.500 0.000
v -625.000 -937.500 4.165
v -312.500 -937.500 14.359
v 0.000 -937.500 29.094
v 312.500 -937.500 45.163
v 625.000 -937.500 57.422
v 937.500 -937.500 67.301
v 1250.000 -937.500 76.926
v 1562.500 -937.500 84.036
v 1875.000 -937.500 86.289
v 2187.500 -937.500 83.080
v 2500.000 -937.500 75.052
v 2812.500 -937.500 63.632
v 3125.000 -937.500 50.581
v 3437.500 -937.500 37.538
v 3750.000 -937.500 25.695
v 4062.500 -937.500 15.676
v 4375.000 -937.500 7.612
v 4687.500 -937.500 1.319
v 5000.000 -937.500 0.000
v -5000.000 -625.000 6.673
v -4687.500 -625.000 3.328
v -4375.000 -625.000 0.000
v -4062.500 -625.000 0.000
v -3750.000 -625.000 0.000
v -3437.500 -625.000 0.000
v -3125.000 -625.000 0.000
v -2812.500 -625.000 0.000
v -2500.000 -625.000 0.000
v -2187.500 -625.000 0.000
v -1875.000 -625.000 0.000
v -1562.500 -625.000 0.000
v -1250.000 -625.000 0.000
v -937.500 -625.000 0.000
v -625.000 -625.000 1.165
v -312.500 -625.000 11.267
v 0.000 -625.000 27.234
v 312.500 -625.000 43.530
v 625.000 -625.000 51.701
v 937.500 -625.000 55.900
v 1250.000 -625.000 61.927
v 1562.500 -625.000 67.487
v 1875.000 -625.000 69.561
v 2187.500 -625.000 67.348
v 2500.000 -625.000 61.280
v 2812.500 -625.000 52.417
v 3125.000 -625.000 42.080
v 3437.500 -625.000 31.516
v 3750.000 -625.000 21.650
v 4062.500 -625.000 12.999
v 4375.000 -625.000 5.723
v 4687.500 -625.000 0.000
v 5000.000 -625.000 0.000
v -5000.000 -312.500 7.343
v -4687.500 -312.500 3.725
v -4375.000 -312.500 0.010
v -4062.500 -312.500 0.000
v -3750.000 -312.500 0.000
v -3437.500 -312.500 0.000
v -3125.000 -312.500 0.000
v -2812.500 -312.500 0.000
v -2500.000 -312.500 0.000
v -2187.500 -312.500 0.000
v -1875.000 -312.500 0.000
v -1562.500 -312.500 0.000
v -1250.000 -312.500 0.000
v -937.500 -312.500 0.000
v -625.000 -312.500 0.000
v -312.500 -312.500 8.755
v 0.000 -312.500 25.577
v 312.500 -312.500 41.816
v 625.000 -312.500 45.821
v 937.500 -312.500 44.364
v 1250.000 -312.500 46.778
v 1562.500 -312.500 50.738
v 1875.000 -312.500 52.576
v 2187.500 -312.500 51.302
v 2500.000 -312.500 47.148
v 2812.500 -312.500 40.817
v 3125.000 -312.500 33.202
v 3437.500 -312.500 25.164
v 3750.000 -312.500 17.366
v 4062.500 -312.500 10.213
v 4375.000 -312.500 3.882
v 4687.500 -312.500 0.000
v 5000.000 -312.500 0.000
v -5000.000 0.000 7.630
v -4687.500 0.000 4.002
v -4375.000 0.000 0.372
v -4062.500 0.000 0.000
v -3750.000 0.000 0.000
v -3437.500 0.000 0.000
v -3125.000 0.000 0.000
v -2812.500 0.000 0.000
v -2500.000 0.000 0.000
v -2187.500 0.000 0.000
v -1875.000 0.000 0.000
v -1562.500 0.000 0.000
v -1250.000 0.000 0.000
v -937.500 0.000 0.000
v -625.000 0.000 0.000
v -312.500 0.000 7.052
v 0.000 0.000 23.055
v 312.500 0.000 38.056
v 625.000 0.000 39.082
v 937.500 0.000 34.100
v 1250.000 0.000 34.061
v 1562.500 0.000 36.768
v 1875.000 0.000 38.373
v 2187.500 0.000 37.829
v 2500.000 0.000 35.215
v 2812.500 0.000 30.949
v 3125.000 0.000 25.582
v 3437.500 0.000 19.664
v 3750.000 0.000 13.643
v 4062.500 0.000 7.828
v 4375.000 0.000 2.405
v 4687.500 0.000 0.000
v 5000.000 0.000 0.000
v -5000.000 312.500 7.537
v -4687.500 312.500 4.191
v -4375.000 312.500 1.021
v -4062.500 312.500 0.000
v -3750.000 312.500 0.000
v -3437.500 312.500 0.000
v -3125.000 312.500 0.000
v -2812.500 312.500 0.000
v -2500.000 312.500 0.000
v -2187.500 312.500 0.877
v -1875.000 312.500 1.003
v -1562.500 312.500 0.378
v -1250.000 312.500 0.000
v -937.500 312.500 0.000
v -625.000 312.500 0.569
v -312.500 312.500 6.257
v 0.000 312.500 19.017
v 312.500 312.500 31.051
v 625.000 312.500 30.813
v 937.500 312.500 25.387
v 1250.000 312.500 24.565
v 1562.500 312.500 26.516
v 1875.000 312.500 27.913
v 2187.500 312.500 27.840
v 2500.000 312.500 26.288
v 2812.500 312.500 23.482
v 3125.000 312.500 19.739
v 3437.500 312.500 15.391
v 3750.000 312.500 10.735
v 4062.500 312.500 6.008
v 4375.000 312.500 1.390
v 4687.500 312.500 0.000
v 5000.000 312.500 0.000
v -5000.000 625.000 7.080
v -4687.500 625.000 4.305
v -4375.000 625.000 1.973
v -4062.500 625.000 0.607
v -3750.000 625.000 0.694
v -3437.500 625.000 2.483
v -3125.000 625.000 5.762
v -2812.500 625.000 9.766
v -2500.000 625.000 13.331
v -2187.500 625.000 15.313
v -1875.000 625.000 15.088
v -1562.500 625.000 12.838
v -1250.000 625.000 9.475
v -937.500 625.000 6.250
v -625.000 625.000 4.553
v -312.500 625.000 6.620
v 0.000 625.000 14.381
v 312.500 625.000 22.244
v 625.000 625.000 21.951
v 937.500 625.000 18.248
v 1250.000 625.000 17.845
v 1562.500 625.000 19.414
v 1875.000 625.000 20.612
v 2187.500 625.000 20.781
v 2500.000 625.000 19.877
v 2812.500 625.000 18.012
v 3125.000 625.000 15.360
v 3437.500 625.000 12.120
v 3750.000 625.000 8.490
v 4062.500 625.000 4.654
v 4375.000 625.000 0.777
v 4687.500 625.000 0.000
v 5000.000 625.000 0.000
v -5000.000 937.500 6.274
v -4687.500 937.500 4.309
v -4375.000 937.500 3.110
v -4062.500 937.500 3.341
v -3750.000 937.500 5.617
v -3437.500 937.500 10.200
v -3125.000 937.500 16.682
v -2812.500 937.500 23.839
v -2500.000 937.500 29.878
v -2187.500 937.500 33.055
v -1875.000 937.500 32.416
v -1562.500 937.500 28.237
v -1250.000 937.500 21.889
v -937.500 937.500 15.243
v -625.000 937.500 10.085
v -312.500 937.500 8.214
v 0.000 937.500 10.768
v 312.500 937.500 14.438
v 625.000 937.500 14.330
v 937.500 937.500 12.702
v 1250.000 937.500 12.982
v 1562.500 937.500 14.294
v 1875.000 937.500 15.274
v 2187.500 937.500 15.520
v 2500.000 937.500 14.985
v 2812.500 937.500 13.718
v 3125.000 937.500 11.815
v 3437.500 937.500 9.398
v 3750.000 937.500 6.603
v 4062.500 937.500 3.569
v 4375.000 937.500 0.436
v 4687.500 937.500 0.000
v 5000.000 937.500 0.000
v -5000.000 1250.000 5.125
v -4687.500 1250.000 4.111
v -4375.000 1250.000 4.166
v -4062.500 1250.000 6.077
v -3750.000 1250.000 10.562
v -3437.500 1250.000 17.887
v -3125.000 1250.000 27.453
v -2812.500 1250.000 37.612
v -2500.000 1250.000 45.987
v -2187.500 1250.000 50.283
v -1875.000 1250.000 49.248
v -1562.500 1250.000 43.244
v -1250.000 1250.000 34.075
v -937.500 1250.000 24.192
v -625.000 1250.000 15.800
v -312.500 1250.000 10.487
v 0.000 1250.000 8.880
v 312.500 1250.000 9.232
v 625.000 1250.000 8.942
v 937.500 1250.000 8.516
v 1250.000 1250.000 9.095
v 1562.500 1250.000 10.096
v 1875.000 1250.000 10.821
v 2187.500 1250.000 11.043
v 2500.000 1250.000 10.721
v 2812.500 1250.000 9.873
v 3125.000 1250.000 8.552
v 3437.500 1250.000 6.834
v 3750.000 1250.000 4.809
v 4062.500 1250.000 2.579
v 4375.000 1250.000 0.249
v 4687.500 1250.000 0.000
v 5000.000 1250.000 0.000
v -5000.000 1562.500 3.651
v -4687.500 1562.500 3.601
v -4375.000 1562.500 4.819
v -4062.500 1562.500 8.141
v -3750.000 1562.500 14.326
v -3437.500 1562.500 23.622
v -3125.000 1562.500 35.299
v -2812.500 1562.500 47.445
v -2500.000 1562.500 57.331
v -2187.500 1562.500 62.329
v -1875.000 1562.500 61.011
v -1562.500 1562.500 53.793
v -1250.000 1562.500 42.742
v -937.500 1562.500 30.663
v -625.000 1562.500 20.034
v -312.500 1562.500 12.384
v 0.000 1562.500 8.114
v 312.500 1562.500 6.274
v 625.000 1562.500 5.415
v 937.500 1562.500 5.179
v 1250.000 1562.500 5.569
v 1562.500 1562.500 6.160
v 1875.000 1562.500 6.594
v 2187.500 1562.500 6.738
v 2500.000 1562.500 6.558
v 2812.500 1562.500 6.057
v 3125.000 1562.500 5.261
v 3437.500 1562.500 4.213
v 3750.000 1562.500 2.967
v 4062.500 1562.500 1.585
v 4375.000 1562.500 0.133
v 4687.500 1562.500 0.000
v 5000.000 1562.500 0.000
v -5000.000 1875.000 1.900
v -4687.500 1875.000 2.724
v -4375.000 1875.000 4.849
v -4062.500 1875.000 9.057
v -3750.000 1875.000 16.055
v -3437.500 1875.000 26.048
v -3125.000 1875.000 38.273
v -2812.500 1875.000 50.802
v -2500.000 1875.000 60.902
v -2187.500 1875.000 65.954
v -1875.000 1875.000 64.535
v -1562.500 1875.000 57.065
v -1250.000 1875.000 45.606
v -937.500 1875.000 32.964
v -625.000 1875.000 21.607
v -312.500 1875.000 12.991
v 0.000 1875.000 7.446
v 312.500 1875.000 4.374
v 625.000 1875.000 2.829
v 937.500 1875.000 2.196
v 1250.000 1875.000 2.103
v 1562.500 1875.000 2.220
v 1875.000 1875.000 2.341
v 2187.500 1875.000 2.383
v 2500.000 1875.000 2.318
v 2812.500 1875.000 2.141
v 3125.000 1875.000 1.861
v 3437.500 1875.000 1.491
v 3750.000 1875.000 1.050
v 4062.500 1875.000 0.561
v 4375.000 1875.000 0.046
v 4687.500 1875.000 0.000
v 5000.000 1875.000 0.000
v -5000.000 2187.500 0.000
v -4687.500 2187.500 1.537
v -4375.000 2187.500 4.266
v -4062.500 2187.500 8.796
v -3750.000 2187.500 15.695
v -3437.500 2187.500 25.099
v -3125.000 2187.500 36.310
v -2812.500 2187.500 47.628
v -2500.000 2187.500 56.662
v -2187.500 2187.500 61.129
v -1875.000 2187.500 59.793
v -1562.500 2187.500 53.022
v -1250.000 2187.500 42.618
v -937.500 2187.500 31.033
v -625.000 2187.500 20.431
v -312.500 2187.500 12.088
v 0.000 2187.500 6.303
v 312.500 2187.500 2.676
v 625.000 2187.500 0.537
v 937.500 2187.500 0.000
v 1250.000 2187.500 0.000
v 1562.500 2187.500 0.000
v 1875.000 2187.500 0.000
v 2187.500 2187.500 0.000
v 2500.000 2187.500 0.000
v 2812.500 2187.500 0.000
v 3125.000 2187.500 0.000
v 3437.500 2187.500 0.000
v 3750.000 2187.500 0.000
v 4062.500 2187.500 0.000
v 4375.000 2187.500 0.000
v 4687.500 2187.500 0.413
v 5000.000 2187.500 0.838
v -5000.000 2500.000 0.000
v -4687.500 2500.000 0.200
v -4375.000 2500.000 3.304
v -4062.500 2500.000 7.766
v -3750.000 2500.000 13.964
v -3437.500 2500.000 21.953
v -3125.000 2500.000 31.161
v -2812.500 2500.000 40.265
v -2500.000 2500.000 47.432
v -2187.500 2500.000 50.918
v -1875.000 2500.000 49.783
v -1562.500 2500.000 44.311
v -1250.000 2500.000 35.882
v -937.500 2500.000 26.379
v -625.000 2500.000 17.474
v -312.500 2500.000 10.170
v 0.000 2500.000 4.739
v 312.500 2500.000 0.942
v 625.000 2500.000 0.000
v 937.500 2500.000 0.000
v 1250.000 2500.000 0.000
v 1562.500 2500.000 0.000
v 1875.000 2500.000 0.000
v 2187.500 2500.000 0.000
v 2500.000 2500.000 0.000
v 2812.500 2500.000 0.000
v 3125.000 2500.000 0.000
v 3437.500 2500.000 0.000
v 3750.000 2500.000 0.000
v 4062.500 2500.000 0.000
v 4375.000 2500.000 0.000
v 4687.500 2500.000 1.274
v 5000.000 2500.000 2.588
v -5000.000 2812.500 0.000
v -4687.500 2812.500 0.000
v -4375.000 2812.500 2.280
v -4062.500 2812.500 6.542
v -3750.000 2812.500 11.880
v -3437.500 2812.500 18.268
v -3125.000 2812.500 25.274
v -2812.500 2812.500 31.979
v -2500.000 2812.500 37.136
v -2187.500 2812.500 39.575
v -1875.000 2812.500 38.667
v -1562.500 2812.500 34.608
v -1250.000 2812.500 28.330
v -937.500 2812.500 21.113
v -625.000 2812.500 14.108
v -312.500 2812.500 8.032
v 0.000 2812.500 3.125
v 312.500 2812.500 0.000
v 625.000 2812.500 0.000
v 937.500 2812.500 0.000
v 1250.000 2812.500 0.000
v 1562.500 2812.500 0.000
v 1875.000 2812.500 0.000
v 2187.500 2812.500 0.000
v 2500.000 2812.500 0.000
v 2812.500 2812.500 0.000
v 3125.000 2812.500 0.000
v 3437.500 2812.500 0.000
v 3750.000 2812.500 0.000
v 4062.500 2812.500 0.000
v 4375.000 2812.500 0.000
v 4687.500 2812.500 2.063
v 5000.000 2812.500 4.190
v -5000.000 3125.000 0.000
v -4687.500 3125.000 0.000
v -4375.000 3125.000 1.440
v -4062.500 3125.000 5.559
v -3750.000 3125.000 10.209
v -3437.500 3125.000 15.299
v -3125.000 3125.000 20.509
v -2812.500 3125.000 25.250
v -2500.000 3125.000 28.761
v -2187.500 3125.000 30.340
v -1875.000 3125.000 29.616
v -1562.500 3125.000 26.712
v -1250.000 3125.000 22.193
v -937.500 3125.000 16.843
v -625.000 3125.000 11.382
v -312.500 3125.000 6.296
v 0.000 3125.000 1.801
v 312.500 3125.000 0.000
v 625.000 3125.000 0.000
v 937.500 3125.000 0.000
v 1250.000 3125.000 0.000
v 1562.500 3125.000 0.000
v 1875.000 3125.000 0.000
v 2187.500 3125.000 0.000
v 2500.000 3125.000 0.000
v 2812.500 3125.000 0.000
v 3125.000 3125.000 0.000
v 3437.500 3125.000 0.000
v 3750.000 3125.000 0.000
v 4062.500 3125.000 0.000
v 4375.000 3125.000 0.000
v 4687.500 3125.000 2.733
v 5000.000 3125.000 5.551
v -5000.000 3437.500 0.000
v -4687.500 3437.500 0.000
v -4375.000 3437.500 0.876
v -4062.500 3437.500 4.963
v -3750.000 3437.500 9.210
v -3437.500 3437.500 13.477
v -3125.000 3437.500 17.517
v -2812.500 3437.500 20.964
v -2500.000 3437.500 23.383
v -2187.500 3437.500 24.387
v -1875.000 3437.500 23.780
v -1562.500 3437.500 21.635
v -1250.000 3437.500 18.271
v -937.500 3437.500 14.136
v -625.000 3437.500 9.665
v -312.500 3437.500 5.187
v 0.000 3437.500 0.907
v 312.500 3437.500 0.000
v 625.000 3437.500 0.000
v 937.500 3437.500 0.000
v 1250.000 3437.500 0.000
v 1562.500 3437.500 0.000
v 1875.000 3437.500 0.000
v 2187.500 3437.500 0.000
v 2500.000 3437.500 0.000
v 2812.500 3437.500 0.000
v 3125.000 3437.500 0.000
v 3437.500 3437.500 0.000
v 3750.000 3437.500 0.000
v 4062.500 3437.500 0.000
v 4375.000 3437.500 0.000
v 4687.500 3437.500 3.245
v 5000.000 3437.500 6.592
v -5000.000 3750.000 0.000
v -4687.500 3750.000 0.000
v -4375.000 3750.000 0.559
v -4062.500 3750.000 4.665
v -3750.000 3750.000 8.719
v -3437.500 3750.000 12.549
v -3125.000 3750.000 15.951
v -2812.500 3750.000 18.683
v -2500.000 3750.000 20.493
v -2187.500 3750.000 21.175
v -1875.000 3750.000 20.629
v -1562.500 3750.000 18.903
v -1250.000 3750.000 16.175
v -937.500 3750.000 12.703
v -625.000 3750.000 8.762
v -312.500 3750.000 4.594
v 0.000 3750.000 0.399
v 312.500 3750.000 0.000
v 625.000 3750.000 0.000
v 937.500 3750.000 0.000
v 1250.000 3750.000 0.000
v 1562.500 3750.000 0.000
v 1875.000 3750.000 0.000
v 2187.500 3750.000 0.000
v 2500.000 3750.000 0.000
v 2812.500 3750.000 0.000
v 3125.000 3750.000 0.000
v 3437.500 3750.000 0.000
v 3750.000 3750.000 0.000
v 4062.500 3750.000 0.000
v 4375.000 3750.000 0.000
v 4687.500 3750.000 3.572
v 5000.000 3750.000 7.255
v -5000.000 4062.500 0.000
v -4687.500 4062.500 0.000
v -4375.000 4062.500 0.402
v -4062.500 4062.500 4.478
v -3750.000 4062.500 8.401
v -3437.500 4062.500 11.986
v -3125.000 4062.500 15.052
v -2812.500 4062.500 17.418
v -2500.000 4062.500 18.921
v -2187.500 4062.500 19.443
v -1875.000 4062.500 18.932
v -1562.500 4062.500 17.421
v -1250.000 4062.500 15.022
v -937.500 4062.500 11.900
v -625.000 4062.500 8.249
v -312.500 4062.500 4.268
v 0.000 4062.500 0.153
v 312.500 4062.500 0.000
v 625.000 4062.500 0.000
v 937.500 4062.500 0.000
v 1250.000 4062.500 0.000
v 1562.500 4062.500 0.000
v 1875.000 4062.500 0.000
v 2187.500 4062.500 0.000
v 2500.000 4062.500 0.000
v 2812.500 4062.500 0.000
v 3125.000 4062.500 0.000
v 3437.500 4062.500 0.000
v 3750.000 4062.500 0.000
v 4062.500 4062.500 0.000
v 4375.000 4062.500 0.000
v 4687.500 4062.500 3.692
v 5000.000 4062.500 7.500
v -5000.000 4375.000 0.000
v -4687.500 4375.000 0.000
v -4375.000 4375.000 0.326
v -4062.500 4375.000 4.237
v -3750.000 4375.000 7.961
v -3437.500 4375.000 11.316
v -3125.000 4375.000 14.135
v -2812.500 4375.000 16.269
v -2500.000 4375.000 17.596
v -2187.500 4375.000 18.035
v -1875.000 4375.000 17.557
v -1562.500 4375.000 16.187
v -1250.000 4375.000 14.006
v -937.500 4375.000 11.138
v -625.000 4375.000 7.738
v -312.500 4375.000 3.980
v 0.000 4375.000 0.051
v 312.500 4375.000 0.000
v 625.000 4375.000 0.000
v 937.500 4375.000 0.000
v 1250.000 4375.000 0.000
v 1562.500 4375.000 0.000
v 1875.000 4375.000 0.000
v 2187.500 4375.000 0.000
v 2500.000 4375.000 0.000
v 2812.500 4375.000 0.000
v 3125.000 4375.000 0.000
v 3437.500 4375.000 0.000
v 3750.000 4375.000 0.000
v 4062.500 4375.000 0.000
v 4375.000 4375.000 0.000
v 4687.500 4375.000 3.601
v 5000.000 4375.000 7.314
v -5000.000 4687.500 0.000
v -4687.500 4687.500 0.000
v -4375.000 4687.500 0.277
v -4062.500 4687.500 3.843
v -3750.000 4687.500 7.225
v -3437.500 4687.500 10.256
v -3125.000 4687.500 12.785
v -2812.500 4687.500 14.685
v -2500.000 4687.500 15.856
v -2187.500 4687.500 16.237
v -1875.000 4687.500 15.805
v -1562.500 4687.500 14.583
v -1250.000 4687.500 12.635
v -937.500 4687.500 10.062
v -625.000 4687.500 6.996
v -312.500 4687.500 3.591
v 0.000 4687.500 0.015
v 312.500 4687.500 0.000
v 625.000 4687.500 0.000
v 937.500 4687.500 0.000
v 1250.000 4687.500 0.000
v 1562.500 4687.500 0.000
v 1875.000 4687.500 0.000
v 2187.500 4687.500 0.000
v 2500.000 4687.500 0.000
v 2812.500 4687.500 0.000
v 3125.000 4687.500 0.000
v 3437.500 4687.500 0.000
v 3750.000 4687.500 0.000
v 4062.500 4687.500 0.000
v 4375.000 4687.500 0.000
v 4687.500 4687.500 3.302
v 5000.000 4687.500 6.707
v -5000.000 5000.000 0.000
v -4687.500 5000.000 0.000
v -4375.000 5000.000 0.230
v -4062.500 5000.000 3.262
v -3750.000 5000.000 6.135
v -3437.500 5000.000 8.704
v -3125.000 5000.000 10.844
v -2812.500 5000.000 12.447
v -2500.000 5000.000 13.432
v -2187.500 5000.000 13.750
v -1875.000 5000.000 13.384
v -1562.500 5000.000 12.352
v -1250.000 5000.000 10.707
v -937.500 5000.000 8.531
v -625.000 5000.000 5.933
v -312.500 5000.000 3.043
v 0.000 5000.000 0.004
v 312.500 5000.000 0.000
v 625.000 5000.000 0.000
v 937.500 5000.000 0.000
v 1250.000 5000.000 0.000
v 1562.500 5000.000 0.000
v 1875.000 5000.000 0.000
v 2187.500 5000.000 0.000
v 2500.000 5000.000 0.000
v 2812.500 5000.000 0.000
v 3125.000 5000.000 0.000
v 3437.500 5000.000 0.000
v 3750.000 5000.000 0.000
v 4062.500 5000.000 0.000
v 4375.000 5000.000 0.000
v 4687.500 5000.000 2.814
v 5000.000 5000.000 5.715
vn 0.000000000 0.000000000 1.000000000
vn 0.000000000 0.000000000 1.000000000
vn -0.000728139 -0.000126434 0.999999727
vn -0.000854573 0.000000000 0.999999635
vn -0.009694789 -0.001809823 0.999951367
vn -0.011378001 -0.000126426 0.999935260
vn -0.009177636 -0.003403430 0.999952093
vn -0.010771114 -0.001809803 0.999940352
vn -0.008205128 -0.004828203 0.999954681
vn -0.009629826 -0.003403415 0.999947840
vn -0.006825522 -0.006013503 0.999958624
vn -0.008010783 -0.004828211 0.999956257
vn -0.005107291 -0.006900639 0.999963148
vn -0.005994405 -0.006013535 0.999963952
vn -0.003135754 -0.007445875 0.999967362
vn -0.003680968 -0.006900682 0.999969415
vn -0.001008873 -0.007622762 0.999970437
vn -0.001185738 -0.007445906 0.999971576
vn 0.001167563 -0.007423709 0.999971762
vn 0.001366623 -0.007622758 0.999970012
vn 0.003285153 -0.006860706 0.999971069
vn 0.003848128 -0.007423659 0.999965040
vn 0.005238268 -0.005965079 0.999968489
vn 0.006133811 -0.006860614 0.999957653
vn 0.006929361 -0.004786122 0.999964538
vn 0.008108171 -0.005964965 0.999949337
vn 0.008273994 -0.003388423 0.999960029
vn 0.009671495 -0.004786013 0.999941776
vn 0.009205308 -0.001847766 0.999955923
vn 0.010745742 -0.003388343 0.999936522
vn 0.009677641 -0.000245784 0.999953140
vn 0.011279409 -0.001847726 0.999934678
vn 0.000106000 0.000000000 0.999999994
vn 0.000351796 -0.000245796 0.999999908
vn 0.000000000 0.000000000 1.000000000
vn 0.000000000 0.000000000 1.000000000
vn 0.000000000 0.000000000 1.000000000
vn 0.000000000 0.000000000 1.000000000
vn 0.000000000 0.000000000 1.000000000
vn 0.000000000 0.000000000 1.000000000
vn 0.000000000 0.000000000 1.000000000
vn 0.000000000 0.000000000 1.000000000
vn 0.000000000 0.000000000 1.000000000
vn 0.000000000 0.000000000 1.000000000
vn 0.000000000 0.000000000 1.000000000
vn 0.000000000 0.000000000 1.000000000
vn 0.000000000 0.000000000 1.000000000
vn 0.000000000 0.000000000 1.000000000
vn 0.000000000 0.000000000 1.000000000
vn 0.000000000 0.000000000 1.000000000
vn 0.000000000 0.000000000 1.000000000
vn 0.000000000 0.000000000 1.000000000
vn 0.000000000 0.000000000 1.000000000
vn 0.000000000 0.000000000 1.000000000
vn 0.000000000 0.000000000 1.000000000
vn 0.000000000 0.000000000 1.000000000
vn 0.000000000 0.000000000 1.000000000
vn 0.000000000 0.000000000 1.000000000
vn 0.000000000 0.000000000 1.000000000
vn 0.000000000 0.000000000 1.000000000
vn -0.009021036 -0.001605369 0.999958021
vn -0.010626252 0.000000000 0.999943540
vn -0.009275457 -0.003197147 0.999951871
vn -0.010867112 -0.001605340 0.999939663
vn 0.000000000 0.000000000 1.000000000
vn 0.000000000 0.000000000 1.000000000
vn -0.000854573 -0.000077293 0.999999632
vn -0.000931866 0.000000000 0.999999566
vn -0.011377994 -0.001106347 0.999934656
vn -0.012406909 -0.000077287 0.999923028
vn -0.010771109 -0.002080547 0.999939825
vn -0.011745193 -0.001106342 0.999930411
vn -0.009629840 -0.002951614 0.999949276
vn -0.010500818 -0.002080553 0.999942700
vn -0.008010823 -0.003676468 0.999961154
vn -0.008735610 -0.002951638 0.999957488
vn -0.005994460 -0.004219487 0.999973131
vn -0.006537426 -0.003676508 0.999971872
vn -0.003681018 -0.004554521 0.999982853
vn -0.004016012 -0.004219529 0.999983033
vn -0.001185758 -0.004666652 0.999988408
vn -0.001297864 -0.004554548 0.999988786
vn 0.001366649 -0.004553652 0.999988698
vn 0.001479650 -0.004666650 0.999988016
vn 0.003848199 -0.004227049 0.999983662
vn 0.004174768 -0.004553616 0.999980918
vn 0.006133913 -0.003712542 0.999974296
vn 0.006648345 -0.004226987 0.999968966
vn 0.008108278 -0.003049247 0.999962478
vn 0.008771460 -0.003712469 0.999954639
vn 0.009671581 -0.002287114 0.999950614
vn 0.010433577 -0.003049181 0.999940920
vn 0.010745792 -0.001481966 0.999941164
vn 0.011550797 -0.002287068 0.999930672
vn 0.011279426 -0.000688282 0.999936148
vn 0.012072980 -0.001481944 0.999926021
vn 0.000351796 0.000000000 0.999999938
vn 0.001040121 -0.000688325 0.999999222
vn 0.000000000 0.000000000 1.000000000
vn 0.000000000 0.000000000 1.000000000
vn 0.000000000 0.000000000 1.000000000
vn 0.000000000 0.000000000 1.000000000
vn 0.000000000 0.000000000 1.000000000
vn 0.000000000 0.000000000 1.000000000
vn 0.000000000 0.000000000 1.000000000
vn 0.000000000 0.000000000 1.000000000
vn 0.000000000 0.000000000 1.000000000
vn 0.000000000 0.000000000 1.000000000
vn 0.000000000 0.000000000 1.000000000
vn 0.000000000 0.000000000 1.000000000
vn 0.000000000 0.000000000 1.000000000
vn 0.000000000 0.000000000 1.000000000
vn 0.000000000 0.000000000 1.000000000
vn 0.000000000 0.000000000 1.000000000
vn 0.000000000 0.000000000 1.000000000
vn 0.000000000 0.000000000 1.000000000
vn 0.000000000 0.000000000 1.000000000
vn 0.000000000 0.000000000 1.000000000
vn 0.000000000 0.000000000 1.000000000
vn 0.000000000 0.000000000 1.000000000
vn 0.000000000 0.000000000 1.000000000
vn 0.000000000 0.000000000 1.000000000
vn 0.000000000 0.000000000 1.000000000
vn 0.000000000 0.000000000 1.000000000
vn -0.010626246 -0.001073563 0.999942964
vn -0.011699675 0.000000000 0.999931556
vn -0.010867104 -0.002002148 0.999938947
vn -0.011795586 -0.001073549 0.999929853
vn 0.000000000 0.000000000 1.000000000
vn 0.000000000 0.000000000 1.000000000
vn -0.000931866 -0.000023710 0.999999566
vn -0.000955577 0.000000000 0.999999543
vn -0.012406908 -0.000339287 0.999922974
vn -0.012722437 -0.000023708 0.999919066
vn -0.011745197 -0.000638099 0.999930819
vn -0.012043965 -0.000339289 0.999927411
vn -0.010500837 -0.000905449 0.999944455
vn -0.010768150 -0.000638106 0.999941818
vn -0.008735642 -0.001128419 0.999961207
vn -0.008958581 -0.000905463 0.999959461
vn -0.006537465 -0.001296807 0.999977790
vn -0.006705828 -0.001128437 0.999976879
vn -0.004016043 -0.001404253 0.999990950
vn -0.004123471 -0.001296824 0.999990658
vn -0.001297876 -0.001449667 0.999998107
vn -0.001343280 -0.001404263 0.999998112
vn 0.001479664 -0.001439048 0.999997870
vn 0.001490283 -0.001449667 0.999997839
vn 0.004174807 -0.001387542 0.999990323
vn 0.004226301 -0.001439036 0.999990034
vn 0.006648399 -0.001321120 0.999977026
vn 0.006714799 -0.001387523 0.999976493
vn 0.008771513 -0.001276591 0.999960715
vn 0.008816017 -0.001321098 0.999960265
vn 0.010433616 -0.001298201 0.999944726
vn 0.010411988 -0.001276571 0.999944979
vn 0.011550815 -0.001429329 0.999932266
vn 0.011419691 -0.001298187 0.999933951
vn 0.012072976 -0.001699348 0.999925675
vn 0.011802991 -0.001429325 0.999929321
vn 0.001040121 0.000000000 0.999999459
vn 0.002739581 -0.001699465 0.999994803
vn 0.000000000 0.000000000 1.000000000
vn 0.000000000 0.000000000 1.000000000
vn 0.000000000 0.000000000 1.000000000
vn 0.000000000 0.000000000 1.000000000
vn 0.000000000 0.000000000 1.000000000
vn 0.000000000 0.000000000 1.000000000
vn 0.000000000 0.000000000 1.000000000
vn 0.000000000 0.000000000 1.000000000
vn 0.000000000 0.000000000 1.000000000
vn 0.000000000 0.000000000 1.000000000
vn 0.000000000 0.000000000 1.000000000
vn 0.000000000 0.000000000 1.000000000
vn 0.000000000 0.000000000 1.000000000
vn 0.000000000 0.000000000 1.000000000
vn 0.000000000 0.000000000 1.000000000
vn 0.000000000 0.000000000 1.000000000
vn 0.000000000 0.000000000 1.000000000
vn 0.000000000 0.000000000 1.000000000
vn 0.000000000 0.000000000 1.000000000
vn 0.000000000 0.000000000 1.000000000
vn 0.000000000 0.000000000 1.000000000
vn 0.000000000 0.000000000 1.000000000
vn 0.000000000 0.000000000 1.000000000
vn 0.000000000 0.000000000 1.000000000
vn 0.000000000 0.000000000 1.000000000
vn 0.000000000 0.000000000 1.000000000
vn -0.011699673 -0.000584261 0.999931386
vn -0.012283851 0.000000000 0.999924551
vn -0.011795589 -0.000746009 0.999930151
vn -0.011957316 -0.000584260 0.999928338
vn 0.000000000 0.000000000 1.000000000
vn 0.000000000 0.000000000 1.000000000
vn -0.000955577 0.000031230 0.999999543
vn -0.000924347 0.000000000 0.999999573
vn -0.012722436 0.000447247 0.999918967
vn -0.012306482 0.000031227 0.999924272
vn -0.012043962 0.000840945 0.999927115
vn -0.011650324 0.000447252 0.999932033
vn -0.010768144 0.001192518 0.999941311
vn -0.010416626 0.000840961 0.999945392
vn -0.008958575 0.001483772 0.999958770
vn -0.008667368 0.001192543 0.999961727
vn -0.006705823 0.001698368 0.999976073
vn -0.006491264 0.001483800 0.999977831
vn -0.004123468 0.001821307 0.999989840
vn -0.004000555 0.001698393 0.999990555
vn -0.001343279 0.001837261 0.999997410
vn -0.001327339 0.001821321 0.999997460
vn 0.001490283 0.001727515 0.999997397
vn 0.001380536 0.001837261 0.999997359
vn 0.004226301 0.001465783 0.999989995
vn 0.003964584 0.001727503 0.999990649
vn 0.006714802 0.001014249 0.999976941
vn 0.006263302 0.001465767 0.999979311
vn 0.008816024 0.000322600 0.999961086
vn 0.008124435 0.001014238 0.999966482
vn 0.010411994 -0.000666069 0.999945572
vn 0.009423424 0.000322599 0.999955547
vn 0.011419677 -0.001999173 0.999932795
vn 0.010086727 -0.000666071 0.999948906
vn 0.011802923 -0.003688445 0.999923540
vn 0.010113869 -0.001999202 0.999946855
vn 0.002739585 0.000000000 0.999996247
vn 0.006428146 -0.003688625 0.999972536
vn 0.000000000 0.000000000 1.000000000
vn 0.000000000 0.000000000 1.000000000
vn 0.000000000 0.000000000 1.000000000
vn 0.000000000 0.000000000 1.000000000
vn 0.000000000 0.000000000 1.000000000
vn 0.000000000 0.000000000 1.000000000
vn 0.000000000 0.000000000 1.000000000
vn 0.000000000 0.000000000 1.000000000
vn 0.000000000 0.000000000 1.000000000
vn 0.000000000 0.000000000 1.000000000
vn 0.000000000 0.000000000 1.000000000
vn 0.000000000 0.000000000 1.000000000
vn 0.000000000 0.000000000 1.000000000
vn 0.000000000 0.000000000 1.000000000
vn 0.000000000 0.000000000 1.000000000
vn 0.000000000 0.000000000 1.000000000
vn 0.000000000 0.000000000 1.000000000
vn 0.000000000 0.000000000 1.000000000
vn 0.000000000 0.000000000 1.000000000
vn 0.000000000 0.000000000 1.000000000
vn 0.000000000 0.000000000 1.000000000
vn 0.000000000 0.000000000 1.000000000
vn 0.000000000 0.000000000 1.000000000
vn 0.000000000 0.000000000 1.000000000
vn 0.000000000 -0.001064400 0.999999434
vn -0.001064400 0.000000000 0.999999434
vn -0.012283850 -0.000245732 0.999924520
vn -0.011465367 -0.001064330 0.999933704
vn -0.011957316 0.000457559 0.999928404
vn -0.011254118 -0.000245735 0.999936640
vn 0.000000000 0.000000000 1.000000000
vn 0.000000000 0.000000000 1.000000000
vn -0.000924347 0.000084365 0.999999569
vn -0.000839982 0.000000000 0.999999647
vn -0.012306473 0.001208032 0.999923543
vn -0.011182955 0.000084360 0.999937465
vn -0.011650295 0.002271520 0.999929553
vn -0.010586959 0.001208056 0.999943227
vn -0.010416575 0.003221544 0.999940557
vn -0.009466691 0.002271573 0.999952610
vn -0.008667304 0.004009541 0.999954400
vn -0.007879426 0.003221619 0.999963767
vn -0.006491202 0.004592829 0.999968385
vn -0.005908007 0.004009622 0.999974509
vn -0.004000512 0.004934193 0.999979825
vn -0.003659211 0.004592895 0.999982758
vn -0.001327325 0.004999161 0.999986623
vn -0.001262391 0.004934229 0.999987030
vn 0.001380523 0.004750448 0.999987764
vn 0.001131803 0.004999162 0.999986864
vn 0.003964556 0.004140104 0.999983571
vn 0.003354231 0.004750426 0.999983091
vn 0.006263279 0.003101878 0.999975575
vn 0.005225097 0.004140080 0.999977779
vn 0.008124430 0.001549104 0.999965796
vn 0.006571738 0.003101872 0.999973595
vn 0.009423423 -0.000614519 0.999955410
vn 0.007259939 0.001549115 0.999972446
vn 0.010086668 -0.003464941 0.999943125
vn 0.007236460 -0.000614530 0.999973628
vn 0.010113641 -0.007008638 0.999924294
vn 0.006570195 -0.003465042 0.999972413
vn 0.006427985 -0.007967291 0.999947600
vn 0.005469566 -0.007008892 0.999960479
vn 0.000000000 -0.003714599 0.999993101
vn 0.004252911 -0.007967383 0.999959216
vn 0.000000000 -0.000451598 0.999999898
vn 0.003262986 -0.003714579 0.999987777
vn 0.000000000 0.000000000 1.000000000
vn 0.000451598 -0.000451598 0.999999796
vn 0.000000000 0.000000000 1.000000000
vn 0.000000000 0.000000000 1.000000000
vn 0.000000000 0.000000000 1.000000000
vn 0.000000000 0.000000000 1.000000000
vn 0.000000000 0.000000000 1.000000000
vn 0.000000000 0.000000000 1.000000000
vn 0.000000000 0.000000000 1.000000000
vn 0.000000000 0.000000000 1.000000000
vn 0.000000000 0.000000000 1.000000000
vn 0.000000000 0.000000000 1.000000000
vn 0.000000000 0.000000000 1.000000000
vn 0.000000000 0.000000000 1.000000000
vn 0.000000000 0.000000000 1.000000000
vn 0.000000000 0.000000000 1.000000000
vn 0.000000000 0.000000000 1.000000000
vn 0.000000000 0.000000000 1.000000000
vn 0.000000000 0.000000000 1.000000000
vn 0.000000000 0.000000000 1.000000000
vn -0.001064397 -0.002252798 0.999996896
vn -0.003317187 0.000000000 0.999994498
vn -0.011465373 -0.000157540 0.999934258
vn -0.009370438 -0.002252700 0.999953559
vn -0.011254105 0.001497895 0.999935549
vn -0.009598846 -0.000157543 0.999953918
vn 0.000000000 0.000000000 1.000000000
vn 0.000000000 0.000000000 1.000000000
vn -0.000839982 0.000132638 0.999999638
vn -0.000707344 0.000000000 0.999999750
vn -0.011182935 0.001899331 0.999935665
vn -0.009416421 0.000132632 0.999955656
vn -0.010586899 0.003571371 0.999937579
vn -0.008915050 0.001899375 0.999958456
vn -0.009466594 0.005064929 0.999942363
vn -0.007973208 0.003571457 0.999961836
vn -0.007879310 0.006303546 0.999949090
vn -0.006640834 0.005065044 0.999965122
vn -0.005907901 0.007219851 0.999956484
vn -0.004991697 0.006303663 0.999967673
vn -0.003659139 0.007754727 0.999963237
vn -0.003124331 0.007219942 0.999969055
vn -0.001262368 0.007852664 0.999968371
vn -0.001164472 0.007754774 0.999969253
vn 0.001131786 0.007452514 0.999971589
vn 0.000731608 0.007852668 0.999968900
vn 0.003354198 0.006474466 0.999973415
vn 0.002376127 0.007452498 0.999969407
vn 0.005225081 0.004807454 0.999974793
vn 0.003558054 0.006474461 0.999972710
vn 0.006571752 0.002305745 0.999975748
vn 0.004070056 0.004807480 0.999980161
vn 0.007259942 -0.001193116 0.999972934
vn 0.003761153 0.002305778 0.999990269
vn 0.007236339 -0.005818505 0.999956889
vn 0.002611033 -0.001193143 0.999995879
vn 0.006569793 -0.011585157 0.999911307
vn 0.000802933 -0.005818655 0.999982749
vn 0.005468785 -0.018299189 0.999817599
vn -0.001246476 -0.011585398 0.999932110
vn 0.004251663 -0.025491926 0.999665987
vn -0.002944326 -0.018299383 0.999828217
vn 0.003261292 -0.032428318 0.999468743
vn -0.003680864 -0.025491984 0.999668250
vn 0.000451307 -0.035926856 0.999354320
vn -0.003051295 -0.032428340 0.999469405
vn 0.000000000 -0.036976786 0.999316125
vn -0.001051342 -0.035926840 0.999353870
vn 0.000000000 -0.035120978 0.999383068
vn 0.001858157 -0.036976722 0.999314400
vn 0.000000000 -0.030255105 0.999542210
vn 0.004870632 -0.035120561 0.999371214
vn 0.000000000 -0.023155227 0.999731882
vn 0.007104092 -0.030254342 0.999516987
vn 0.000000000 -0.015250457 0.999883705
vn 0.007906838 -0.023154503 0.999700631
vn 0.000000000 -0.008185489 0.999966498
vn 0.007065469 -0.015250076 0.999858747
vn 0.000000000 -0.003351759 0.999994383
vn 0.004833767 -0.008185393 0.999954816
vn 0.000000000 -0.001559799 0.999998784
vn 0.001791964 -0.003351754 0.999992777
vn 0.000000000 -0.002937851 0.999995685
vn -0.001378060 -0.001559798 0.999997834
vn -0.003317164 -0.003716963 0.999987590
vn -0.004096298 -0.002937827 0.999987295
vn -0.009370461 -0.000344662 0.999956037
vn -0.005998392 -0.003716916 0.999975102
vn -0.009598821 0.002304891 0.999951274
vn -0.006949440 -0.000344669 0.999975793
vn 0.000000000 0.000000000 1.000000000
vn 0.000000000 0.000000000 1.000000000
vn -0.000707344 0.000173270 0.999999735
vn -0.000534074 0.000000000 0.999999857
vn -0.009416392 0.002481397 0.999952586
vn -0.007108414 0.000173266 0.999974720
vn -0.008914969 0.004665781 0.999949376
vn -0.006730745 0.002481451 0.999974269
vn -0.007973084 0.006616792 0.999946323
vn -0.006022207 0.004665881 0.999970981
vn -0.006640694 0.008234279 0.999944047
vn -0.005023299 0.006616919 0.999965491
vn -0.004991574 0.009429593 0.999943082
vn -0.003796313 0.008234401 0.999958890
vn -0.003124252 0.010124024 0.999943870
vn -0.002429849 0.009429683 0.999952587
vn -0.001164445 0.010241919 0.999946872
vn -0.001046582 0.010124068 0.999948203
vn 0.000731597 0.009697332 0.999952712
vn 0.000186948 0.010241926 0.999947533
vn 0.002376109 0.008375427 0.999962102
vn 0.001054103 0.009697329 0.999952424
vn 0.003558062 0.006114611 0.999974976
vn 0.001297124 0.008375443 0.999964084
vn 0.004070088 0.002701847 0.999988067
vn 0.000657239 0.006114648 0.999981089
vn 0.003761155 -0.002101528 0.999990719
vn -0.001042232 0.002701867 0.999995807
vn 0.002610941 -0.008488613 0.999960562
vn -0.003776321 -0.002101528 0.999990661
vn 0.000802837 -0.016489849 0.999863711
vn -0.007199756 -0.008488422 0.999938053
vn -0.001246143 -0.025836867 0.999665396
vn -0.010597942 -0.016488928 0.999807881
vn -0.002942924 -0.035869318 0.999352156
vn -0.012986457 -0.025834708 0.999581872
vn -0.003678239 -0.045551392 0.998955225
vn -0.013378734 -0.035866263 0.999267042
vn -0.003048508 -0.053627412 0.998556362
vn -0.011146550 -0.045548870 0.998899922
vn -0.001050195 -0.058901250 0.998263262
vn -0.006341537 -0.053626583 0.998540923
vn 0.001856016 -0.060554865 0.998163145
vn 0.000196513 -0.058901281 0.998263793
vn 0.004865326 -0.058381054 0.998282516
vn 0.007045374 -0.060553467 0.998140091
vn 0.007097418 -0.052837380 0.998577908
vn 0.012653759 -0.058377071 0.998214406
vn 0.007900982 -0.044900620 0.998960214
vn 0.015850310 -0.052832073 0.998477611
vn 0.007061766 -0.035782092 0.999334665
vn 0.016189438 -0.044896137 0.998860470
vn 0.004832216 -0.026616886 0.999634029
vn 0.014002922 -0.035779476 0.999261601
vn 0.001791676 -0.018237293 0.999832081
vn 0.010174119 -0.026615819 0.999593960
vn -0.001377977 -0.011088286 0.999937574
vn 0.005772259 -0.018237018 0.999817029
vn -0.004096259 -0.005274586 0.999977699
vn 0.001717816 -0.011088280 0.999937048
vn -0.005998432 -0.000682170 0.999981777
vn -0.001405999 -0.005274625 0.999985101
vn -0.006949412 0.002891257 0.999971673
vn -0.003376068 -0.000682178 0.999994068
vn 0.000000000 0.000000000 1.000000000
vn 0.000000000 0.000000000 1.000000000
vn -0.000534074 0.000203895 0.999999837
vn -0.000330178 0.000000000 0.999999945
vn -0.007108384 0.002920706 0.999970470
vn -0.004391654 0.000203893 0.999990336
vn -0.006730664 0.005491784 0.999962269
vn -0.004159666 0.002920755 0.999987083
vn -0.006022090 0.007788040 0.999951539
vn -0.003725874 0.005491870 0.999977978
vn -0.005023173 0.009691517 0.999940419
vn -0.003119685 0.007788144 0.999964806
vn -0.003796208 0.011097705 0.999931213
vn -0.002389976 0.009691612 0.999950179
vn -0.002429785 0.011913546 0.999926079
vn -0.001613905 0.011097771 0.999937115
vn -0.001046560 0.012049047 0.999926860
vn -0.000911070 0.011913577 0.999928616
vn 0.000186946 0.011401146 0.999934987
vn -0.000461050 0.012049052 0.999927301
vn 0.001054102 0.009831302 0.999951116
vn -0.000515918 0.011401144 0.999934872
vn 0.001297136 0.007144009 0.999973640
vn -0.001390346 0.009831298 0.999950705
vn 0.000657248 0.003081188 0.999995037
vn -0.003405636 0.007143973 0.999968682
vn -0.001042232 -0.002647052 0.999995953
vn -0.006770315 0.003081118 0.999972334
vn -0.003776130 -0.010278151 0.999940048
vn -0.011407278 -0.002646882 0.999931432
vn -0.007198596 -0.019853835 0.999776978
vn -0.016776451 -0.010276777 0.999806451
vn -0.010594274 -0.031043647 0.999461882
vn -0.021792601 -0.019849635 0.999565443
vn -0.012978754 -0.043041475 0.998988981
vn -0.024996691 -0.031035689 0.999205660
vn -0.013367368 -0.054613276 0.998418101
vn -0.024972353 -0.043031677 0.998761561
vn -0.011135064 -0.064266364 0.997870655
vn -0.020826861 -0.054606309 0.998290736
vn -0.006334843 -0.070567171 0.997486914
vn -0.012665004 -0.064265194 0.997852485
vn 0.000196336 -0.072533189 0.997365980
vn -0.001778485 -0.070568475 0.997505352
vn 0.007041054 -0.069915606 0.997528061
vn 0.009668401 -0.072529800 0.997319382
vn 0.012649985 -0.063262935 0.997916719
vn 0.019319242 -0.069904291 0.997366611
vn 0.015849536 -0.053746573 0.998428815
vn 0.025379189 -0.063247619 0.997675115
vn 0.016190916 -0.042819509 0.998951622
vn 0.027125340 -0.053733546 0.998186817
vn 0.014004788 -0.031843593 0.999394743
vn 0.024984088 -0.042811755 0.998770719
vn 0.010175302 -0.021817649 0.999710185
vn 0.020202777 -0.031840216 0.999288771
vn 0.005772710 -0.013275468 0.999895213
vn 0.014315554 -0.021816543 0.999659494
vn 0.001717888 -0.006341537 0.999978417
vn 0.008652023 -0.013275192 0.999874448
vn -0.001406018 -0.000876650 0.999998627
vn 0.004058887 -0.006341494 0.999971655
vn -0.003376049 0.003365110 0.999988639
vn 0.000865711 -0.000876650 0.999999241
vn 0.000000000 0.000000000 1.000000000
vn 0.000000000 0.000000000 1.000000000
vn -0.000330178 0.000222560 0.999999921
vn -0.000107619 0.000000000 0.999999994
vn -0.004391632 0.003191622 0.999985263
vn -0.001422586 0.000222560 0.999998963
vn -0.004159609 0.006001294 0.999973341
vn -0.001349926 0.003191649 0.999993996
vn -0.003725795 0.008510635 0.999956843
vn -0.001216385 0.006001342 0.999981252
vn -0.003119605 0.010591215 0.999939045
vn -0.001038898 0.008510689 0.999963244
vn -0.002389912 0.012130052 0.999923572
vn -0.000850929 0.010591263 0.999943549
vn -0.001613867 0.013028153 0.999913828
vn -0.000715657 0.012130084 0.999926172
vn -0.000911056 0.013192637 0.999912558
vn -0.000746556 0.013028166 0.999914851
vn -0.000461047 0.012521104 0.999921502
vn -0.001132688 0.013192634 0.999912332
vn -0.000515921 0.010879720 0.999940681
vn -0.002157498 0.012521076 0.999919281
vn -0.001390368 0.008082092 0.999966373
vn -0.004188133 0.010879626 0.999932044
vn -0.003405697 0.003883340 0.999986660
vn -0.007604246 0.008081866 0.999938428
vn -0.006770334 -0.001992874 0.999975095
vn -0.012645711 0.003883052 0.999912500
vn -0.011406772 -0.009782276 0.999887090
vn -0.019194942 -0.001992553 0.999813775
vn -0.016774138 -0.019529365 0.999668561
vn -0.026521556 -0.009779471 0.999600405
vn -0.021786525 -0.030843575 0.999286756
vn -0.033107346 -0.019521405 0.999261136
vn -0.024985773 -0.042845722 0.998769220
vn -0.037006491 -0.030829766 0.998839349
vn -0.024958537 -0.054368009 0.998208992
vn -0.036512389 -0.042830524 0.998414940
vn -0.020815209 -0.064008962 0.997732219
vn -0.030492014 -0.054359662 0.998055742
vn -0.012659800 -0.070343614 0.997442482
vn -0.019019244 -0.064011252 0.997767923
vn -0.001778254 -0.072376252 0.997375815
vn -0.003816127 -0.070348739 0.997515159
vn 0.009670255 -0.069848889 0.997510711
vn 0.012204866 -0.072370976 0.997303105
vn 0.019327781 -0.063298076 0.997807492
vn 0.025884208 -0.069828751 0.997223121
vn 0.025393167 -0.053877456 0.998224627
vn 0.034811086 -0.063271531 0.997389042
vn 0.027139439 -0.043017219 0.998705647
vn 0.037992135 -0.053855925 0.997825705
vn 0.024994163 -0.032057184 0.999173473
vn 0.035947506 -0.043005256 0.998427927
vn 0.020208141 -0.021983141 0.999554087
vn 0.030278434 -0.032052499 0.999027454
vn 0.014317690 -0.013329205 0.999808650
vn 0.022970004 -0.021981830 0.999494461
vn 0.008652618 -0.006231929 0.999943146
vn 0.015749229 -0.013328918 0.999787128
vn 0.004058968 -0.000571071 0.999991599
vn 0.009719563 -0.006231868 0.999933345
vn 0.000865705 0.003878207 0.999992105
vn 0.005314948 -0.000571067 0.999985713
vn 0.000000000 -0.001515328 0.999998852
vn 0.001560778 -0.003076098 0.999994051
vn -0.000107619 0.000107619 0.999999988
vn 0.001515326 -0.001515326 0.999997704
vn -0.001422585 0.001530203 0.999997817
vn 0.000000000 0.000107619 0.999999994
vn -0.001349928 0.002880126 0.999994941
vn 0.000000000 0.001530205 0.999998829
vn -0.001216397 0.004096511 0.999990869
vn 0.000000000 0.002880129 0.999995852
vn -0.001038922 0.005135414 0.999986274
vn 0.000000000 0.004096514 0.999991609
vn -0.000850961 0.005986352 0.999981720
vn 0.000000000 0.005135417 0.999986814
vn -0.000715694 0.006702019 0.999977285
vn 0.000000000 0.005986354 0.999982082
vn -0.000746599 0.007448583 0.999971980
vn 0.000000000 0.006702021 0.999977541
vn -0.001132745 0.008581257 0.999962539
vn 0.000000000 0.007448585 0.999972259
vn -0.002157543 0.010738607 0.999940012
vn 0.000000000 0.008581262 0.999963180
vn -0.004188210 0.009025931 0.999950495
vn -0.005900847 0.010738445 0.999924930
vn -0.007604385 0.005353743 0.999956754
vn -0.011275942 0.009025436 0.999895692
vn -0.012645806 0.000330410 0.999919984
vn -0.017667344 0.005353062 0.999829590
vn -0.019194605 -0.006251149 0.999796224
vn -0.025772812 0.000330327 0.999667771
vn -0.026520049 -0.014466480 0.999543600
vn -0.034731176 -0.006248529 0.999377157
vn -0.033104311 -0.023756052 0.999169532
vn -0.042391951 -0.014458561 0.998996433
vn -0.037003804 -0.033099688 0.998766804
vn -0.046351268 -0.023743533 0.998642982
vn -0.036513894 -0.041858290 0.998456118
vn -0.045281432 -0.033088398 0.998426136
vn -0.030500018 -0.049309687 0.998317737
vn -0.037960431 -0.041856032 0.998402263
vn -0.019030162 -0.054347511 0.998340724
vn -0.024070522 -0.049318345 0.998493020
vn -0.003819575 -0.056125555 0.998416413
vn -0.005594000 -0.054356504 0.998505923
vn 0.012218827 -0.054411264 0.998443846
vn 0.013933026 -0.056120516 0.998326779
vn 0.025915626 -0.049587380 0.998433509
vn 0.030727044 -0.054389632 0.998046901
vn 0.034849459 -0.042499653 0.998488505
vn 0.041914830 -0.049560448 0.997891231
vn 0.038025096 -0.034198822 0.998691410
vn 0.046303588 -0.042479872 0.998023766
vn 0.035968935 -0.025671839 0.999023119
vn 0.044480632 -0.034189700 0.998425029
vn 0.030289278 -0.017655090 0.999385240
vn 0.038298132 -0.025669616 0.998936597
vn 0.022974273 -0.010567592 0.999680203
vn 0.030058319 -0.017655213 0.999392211
vn 0.015750465 -0.004549456 0.999865604
vn 0.021767113 -0.010567878 0.999707214
vn 0.009719750 0.000440059 0.999952665
vn 0.014708615 -0.004549528 0.999881472
vn 0.005314895 0.004516505 0.999975676
vn 0.009391144 0.000440061 0.999955805
vn 0.001560779 -0.002750094 0.999995000
vn 0.004391072 -0.005580363 0.999974789
vn 0.001515328 0.000000000 0.999998852
vn 0.004265382 -0.002750072 0.999987122
vn 0.000000000 0.000000000 1.000000000
vn 0.000000000 0.000000000 1.000000000
vn 0.000000000 0.000000000 1.000000000
vn 0.000000000 0.000000000 1.000000000
vn 0.000000000 0.000000000 1.000000000
vn 0.000000000 0.000000000 1.000000000
vn 0.000000000 0.000000000 1.000000000
vn 0.000000000 0.000000000 1.000000000
vn 0.000000000 0.000000000 1.000000000
vn 0.000000000 0.000000000 1.000000000
vn 0.000000000 0.000000000 1.000000000
vn 0.000000000 0.000000000 1.000000000
vn 0.000000000 0.000000000 1.000000000
vn 0.000000000 0.000000000 1.000000000
vn 0.000000000 0.000000000 1.000000000
vn 0.000000000 0.000000000 1.000000000
vn 0.000000000 0.000000000 1.000000000
vn 0.000000000 0.000000000 1.000000000
vn -0.005901085 0.005901085 0.999965177
vn 0.000000000 0.000000000 1.000000000
vn -0.011276103 0.007273616 0.999909968
vn -0.009903479 0.005900898 0.999933548
vn -0.017667459 0.003956239 0.999836091
vn -0.020982564 0.007272477 0.999753391
vn -0.025772811 -0.000389658 0.999667750
vn -0.030114152 0.003955062 0.999538641
vn -0.034731224 -0.006021421 0.999378549
vn -0.040355296 -0.000389470 0.999185317
vn -0.042393440 -0.011781764 0.999031524
vn -0.048145784 -0.006018069 0.998822190
vn -0.046358440 -0.015951061 0.998797506
vn -0.050523208 -0.011777305 0.998653444
vn -0.045297933 -0.019149394 0.998789967
vn -0.048491836 -0.015949443 0.998696229
vn -0.037984279 -0.022298422 0.999029517
vn -0.041126279 -0.019152853 0.998970369
vn -0.024092423 -0.024823339 0.999401499
vn -0.026608918 -0.022306624 0.999397008
vn -0.005600381 -0.026047485 0.999645019
vn -0.006818638 -0.024829969 0.999668434
vn 0.013950385 -0.025766468 0.999570646
vn 0.014229306 -0.026045256 0.999559489
vn 0.030763673 -0.024077003 0.999236656
vn 0.032441446 -0.025755412 0.999141737
vn 0.041956922 -0.021253235 0.998893346
vn 0.044764098 -0.024064258 0.998707709
vn 0.046338202 -0.017652601 0.998769822
vn 0.049924068 -0.021245441 0.998527024
vn 0.044502518 -0.013628674 0.998916305
vn 0.048516894 -0.017650773 0.998666391
vn 0.038309037 -0.009473580 0.999221031
vn 0.042459116 -0.013629887 0.999005230
vn 0.030062567 -0.005397528 0.999533446
vn 0.034136076 -0.009475014 0.999372279
vn 0.021768302 -0.001537660 0.999761860
vn 0.025626717 -0.005398196 0.999657007
vn 0.014708737 0.002017423 0.999889785
vn 0.018262962 -0.001537767 0.999832036
vn 0.009391018 0.005201322 0.999942376
vn 0.012574515 0.002017482 0.999918902
vn 0.004391126 -0.002514457 0.999987198
vn 0.006963156 -0.005086532 0.999962820
vn 0.004265399 0.000000000 0.999990903
vn 0.006779749 -0.002514423 0.999973856
vn 0.000000000 0.000000000 1.000000000
vn 0.000000000 0.000000000 1.000000000
vn 0.000000000 0.000000000 1.000000000
vn 0.000000000 0.000000000 1.000000000
vn 0.000000000 0.000000000 1.000000000
vn 0.000000000 0.000000000 1.000000000
vn 0.000000000 0.000000000 1.000000000
vn 0.000000000 0.000000000 1.000000000
vn 0.000000000 0.000000000 1.000000000
vn 0.000000000 0.000000000 1.000000000
vn 0.000000000 0.000000000 1.000000000
vn 0.000000000 0.000000000 1.000000000
vn 0.000000000 0.000000000 1.000000000
vn 0.000000000 0.000000000 1.000000000
vn 0.000000000 0.000000000 1.000000000
vn 0.000000000 0.000000000 1.000000000
vn 0.000000000 0.000000000 1.000000000
vn 0.000000000 0.000000000 1.000000000
vn 0.000000000 0.000000000 1.000000000
vn 0.000000000 0.000000000 1.000000000
vn -0.009903257 0.008925107 0.999911130
vn -0.000978236 0.000000000 0.999999522
vn -0.020982503 0.007658460 0.999750510
vn -0.022246875 0.008923336 0.999712684
vn -0.030113907 0.005645898 0.999530528
vn -0.032122344 0.007656193 0.999454620
vn -0.040355209 0.002105389 0.999183179
vn -0.043886614 0.005643017 0.999020581
vn -0.048146653 -0.000301692 0.998840232
vn -0.050546900 0.002104412 0.998719471
vn -0.050526594 0.002163980 0.998720372
vn -0.048066911 -0.000301693 0.998844072
vn -0.048496950 0.006594849 0.998801559
vn -0.044076151 0.002164642 0.999025829
vn -0.041132143 0.009039743 0.999112821
vn -0.038693817 0.006597674 0.999229333
vn -0.026614313 0.009606093 0.999599621
vn -0.026052889 0.009044329 0.999619651
vn -0.006820459 0.009091788 0.999935408
vn -0.007337928 0.009609238 0.999926906
vn 0.014233707 0.007745335 0.999868697
vn 0.012887950 0.009091245 0.999875617
vn 0.032451664 0.005811211 0.999456412
vn 0.030522190 0.007742511 0.999504102
vn 0.044776760 0.003685194 0.998990221
vn 0.042656984 0.005808981 0.999072889
vn 0.049935257 0.001815710 0.998750806
vn 0.048070811 0.003684629 0.998837134
vn 0.048524445 0.000577969 0.998821828
vn 0.047289309 0.001815945 0.998879584
vn 0.042463059 0.000188089 0.999098020
vn 0.042073707 0.000578139 0.999114342
vn 0.034137601 0.000676482 0.999416913
vn 0.034625359 0.000188146 0.999400345
vn 0.025627043 0.001914752 0.999669740
vn 0.026864312 0.000676632 0.999638860
vn 0.018262860 0.003674048 0.999826470
vn 0.020021280 0.001914997 0.999797720
vn 0.012574541 0.000129393 0.999920929
vn 0.009029823 0.003674511 0.999952479
vn 0.006963229 -0.002153860 0.999973437
vn 0.009117641 -0.004308388 0.999949152
vn 0.006779771 0.000000000 0.999977017
vn 0.008933466 -0.002153826 0.999957776
vn 0.000000000 0.000000000 1.000000000
vn 0.000000000 0.000000000 1.000000000
vn 0.000000000 0.000000000 1.000000000
vn 0.000000000 0.000000000 1.000000000
vn 0.000000000 0.000000000 1.000000000
vn 0.000000000 0.000000000 1.000000000
vn 0.000000000 0.000000000 1.000000000
vn 0.000000000 0.000000000 1.000000000
vn 0.000000000 0.000000000 1.000000000
vn 0.000000000 0.000000000 1.000000000
vn 0.000000000 0.000000000 1.000000000
vn 0.000000000 0.000000000 1.000000000
vn 0.000000000 0.000000000 1.000000000
vn 0.000000000 0.000000000 1.000000000
vn 0.000000000 0.000000000 1.000000000
vn 0.000000000 0.000000000 1.000000000
vn 0.000000000 0.000000000 1.000000000
vn 0.000000000 0.000000000 1.000000000
vn 0.000000000 0.000000000 1.000000000
vn 0.000000000 0.000000000 1.000000000
vn -0.000978236 0.000978236 0.999999043
vn 0.000000000 0.000000000 1.000000000
vn -0.022246671 0.009899508 0.999703499
vn -0.013327871 0.000978149 0.999910702
vn -0.032121861 0.009416939 0.999439597
vn -0.032601160 0.009896695 0.999419441
vn -0.043886471 0.006193212 0.999017328
vn -0.047098138 0.009411345 0.998845930
vn -0.050546279 0.005385424 0.998707200
vn -0.051349796 0.006191006 0.998661539
vn -0.048062022 0.014265763 0.998742474
vn -0.039200482 0.005388172 0.999216838
vn -0.044060477 0.026754004 0.998670565
vn -0.031594232 0.014275138 0.999398832
vn -0.038671400 0.034666949 0.998650452
vn -0.030773853 0.026767327 0.999167894
vn -0.026035152 0.037985262 0.998939083
vn -0.022731424 0.034683936 0.999139783
vn -0.007332931 0.038126941 0.999245998
vn -0.007202966 0.037997157 0.999251887
vn 0.012880355 0.035508554 0.999286365
vn 0.010259749 0.038125960 0.999220270
vn 0.030508757 0.030657222 0.999064237
vn 0.025664698 0.035499803 0.999040083
vn 0.042644894 0.024504103 0.998789749
vn 0.036502889 0.030651059 0.998863380
vn 0.048063222 0.018146061 0.998679452
vn 0.041714134 0.024505067 0.998829031
vn 0.047285663 0.012548816 0.998802580
vn 0.041692983 0.018151260 0.998965578
vn 0.042072249 0.008343889 0.999079729
vn 0.037868545 0.012553857 0.999203870
vn 0.034624785 0.005763247 0.999383765
vn 0.032043779 0.008346994 0.999451612
vn 0.026864023 0.004694987 0.999628072
vn 0.025794936 0.005764786 0.999650633
vn 0.020021085 0.004808110 0.999787997
vn 0.020133422 0.004695730 0.999786275
vn 0.009029884 0.000000000 0.999959230
vn 0.004221037 0.004809031 0.999979528
vn 0.009117712 -0.001715860 0.999956961
vn 0.010703583 -0.003301876 0.999937263
vn 0.008933487 0.000000000 0.999960096
vn 0.010649157 -0.001715834 0.999941824
vn 0.000000000 0.000000000 1.000000000
vn 0.000000000 0.000000000 1.000000000
vn 0.000000000 0.000000000 1.000000000
vn 0.000000000 0.000000000 1.000000000
vn 0.000000000 0.000000000 1.000000000
vn 0.000000000 0.000000000 1.000000000
vn 0.000000000 0.000000000 1.000000000
vn 0.000000000 0.000000000 1.000000000
vn 0.000000000 0.000000000 1.000000000
vn 0.000000000 0.000000000 1.000000000
vn 0.000000000 0.000000000 1.000000000
vn 0.000000000 0.000000000 1.000000000
vn 0.000000000 0.000000000 1.000000000
vn 0.000000000 0.000000000 1.000000000
vn 0.000000000 0.000000000 1.000000000
vn 0.000000000 0.000000000 1.000000000
vn 0.000000000 0.000000000 1.000000000
vn 0.000000000 0.000000000 1.000000000
vn 0.000000000 0.000000000 1.000000000
vn 0.000000000 0.000000000 1.000000000
vn 0.000000000 0.000000000 1.000000000
vn 0.000000000 0.000000000 1.000000000
vn -0.013327263 0.009598521 0.999865117
vn -0.003729220 0.000000000 0.999993046
vn -0.032601163 0.009887730 0.999419530
vn -0.032308076 0.009594362 0.999431907
vn -0.047099391 0.005946265 0.998872509
vn -0.051024001 0.009880102 0.998648554
vn -0.051350082 0.005217150 0.998667087
vn -0.052075802 0.005944794 0.998625440
vn -0.039194492 0.018292626 0.999064148
vn -0.026136270 0.005222257 0.999644749
vn -0.031576464 0.036441572 0.998836793
vn -0.013435523 0.018305041 0.999742173
vn -0.030749516 0.047920960 0.998377708
vn -0.019268264 0.036452984 0.999149595
vn -0.022713300 0.052868768 0.998343127
vn -0.017770046 0.047936062 0.998692325
vn -0.007197867 0.053450238 0.998544572
vn -0.006627292 0.052881249 0.998578816
vn 0.010254229 0.050276171 0.998682711
vn 0.007071797 0.053450286 0.998545470
vn 0.025655999 0.044013371 0.998701453
vn 0.019389265 0.050269363 0.998547469
vn 0.036496583 0.035842052 0.998690816
vn 0.028323993 0.044010199 0.998629488
vn 0.041711261 0.027169077 0.998760237
vn 0.033037476 0.035846368 0.998811075
vn 0.041692125 0.019251609 0.998945015
vn 0.033773515 0.027177230 0.999059932
vn 0.037868361 0.012934096 0.999199027
vn 0.031549666 0.019258770 0.999316626
vn 0.032043721 0.008560828 0.999449805
vn 0.027669520 0.012938424 0.999533389
vn 0.025794893 0.006044461 0.999648982
vn 0.023277830 0.008562906 0.999692362
vn 0.020133465 0.004220230 0.999788394
vn 0.018308862 0.006045459 0.999814102
vn 0.004221086 0.000000000 0.999991091
vn 0.000000000 0.004221086 0.999991091
vn 0.010703633 -0.001269146 0.999941909
vn 0.011577396 -0.002143016 0.999930683
vn 0.010649173 -0.000031262 0.999943295
vn 0.011886883 -0.001269129 0.999928543
vn 0.000000000 0.000000000 1.000000000
vn 0.000031264 -0.000031264 0.999999999
vn 0.000000000 0.000000000 1.000000000
vn 0.000000000 0.000000000 1.000000000
vn 0.000000000 0.000000000 1.000000000
vn 0.000000000 0.000000000 1.000000000
vn 0.000000000 0.000000000 1.000000000
vn 0.000000000 0.000000000 1.000000000
vn 0.000000000 0.000000000 1.000000000
vn 0.000000000 0.000000000 1.000000000
vn 0.000000000 0.000000000 1.000000000
vn 0.000000000 0.000000000 1.000000000
vn 0.000000000 0.000000000 1.000000000
vn 0.000000000 0.000000000 1.000000000
vn 0.000000000 0.000000000 1.000000000
vn 0.000000000 0.000000000 1.000000000
vn 0.000000000 0.000000000 1.000000000
vn 0.000000000 0.000000000 1.000000000
vn 0.000000000 0.000000000 1.000000000
vn 0.000000000 0.000000000 1.000000000
vn 0.000000000 0.000000000 1.000000000
vn 0.000000000 0.000000000 1.000000000
vn -0.003729194 0.003729194 0.999986093
vn 0.000000000 0.000000000 1.000000000
vn -0.032308521 0.008033721 0.999445656
vn -0.028006324 0.003727757 0.999600795
vn -0.051025777 0.005294067 0.998683305
vn -0.053750628 0.008026298 0.998522132
vn -0.052075941 0.005477029 0.998628108
vn -0.051893231 0.005293830 0.998638607
vn -0.026132004 0.018806272 0.999481587
vn -0.012812841 0.005484021 0.999902874
vn -0.013428630 0.036885974 0.999229251
vn 0.004658536 0.018812492 0.999812176
vn -0.019258472 0.048411109 0.998641816
vn -0.007716654 0.036888202 0.999289605
vn -0.017765009 0.053511007 0.998409223
vn -0.012658117 0.048416210 0.998747036
vn -0.006626797 0.054271492 0.998504227
vn -0.005871671 0.053518531 0.998549593
vn 0.007072604 0.051276657 0.998659443
vn 0.004068755 0.054272235 0.998517887
vn 0.019393998 0.045166269 0.998791210
vn 0.013274255 0.051273421 0.998596430
vn 0.028331966 0.037079738 0.998910603
vn 0.020237279 0.045165514 0.998774514
vn 0.033045403 0.028384203 0.999050719
vn 0.024343812 0.037083635 0.999015607
vn 0.033779024 0.020311787 0.999222902
vn 0.025702835 0.028390331 0.999266408
vn 0.031552556 0.013701784 0.999408174
vn 0.024940641 0.020317063 0.999482457
vn 0.027670738 0.008912879 0.999577356
vn 0.022881044 0.013705020 0.999644252
vn 0.023278280 0.005888275 0.999711683
vn 0.020253359 0.008914464 0.999755137
vn 0.018309197 0.000000000 0.999832373
vn 0.012421120 0.005889416 0.999905511
vn 0.000000000 0.000000000 1.000000000
vn 0.000000000 0.000000000 1.000000000
vn 0.011577418 -0.000886746 0.999932586
vn 0.011608839 -0.000918171 0.999932194
vn 0.011886885 -0.001160095 0.999928676
vn 0.011613573 -0.000886746 0.999932167
vn 0.000031264 0.000000000 1.000000000
vn 0.001191441 -0.001160177 0.999998617
vn 0.000000000 0.000000000 1.000000000
vn 0.000000000 0.000000000 1.000000000
vn 0.000000000 0.000000000 1.000000000
vn 0.000000000 0.000000000 1.000000000
vn 0.000000000 0.000000000 1.000000000
vn 0.000000000 0.000000000 1.000000000
vn 0.000000000 0.000000000 1.000000000
vn 0.000000000 0.000000000 1.000000000
vn 0.000000000 0.000000000 1.000000000
vn 0.000000000 0.000000000 1.000000000
vn 0.000000000 0.000000000 1.000000000
vn 0.000000000 0.000000000 1.000000000
vn 0.000000000 0.000000000 1.000000000
vn 0.000000000 0.000000000 1.000000000
vn 0.000000000 0.000000000 1.000000000
vn 0.000000000 0.000000000 1.000000000
vn 0.000000000 0.000000000 1.000000000
vn 0.000000000 0.000000000 1.000000000
vn 0.000000000 0.000000000 1.000000000
vn 0.000000000 0.000000000 1.000000000
vn 0.000000000 0.000000000 1.000000000
vn 0.000000000 0.000000000 1.000000000
vn -0.028006103 0.005449401 0.999592898
vn -0.022560145 0.000000000 0.999745488
vn -0.053750614 0.008058172 0.998521876
vn -0.051143920 0.005444405 0.998676453
vn -0.051890212 0.012015583 0.998580508
vn -0.047944649 0.008060557 0.998817470
vn -0.012810056 0.021555357 0.999685585
vn -0.003284356 0.012031727 0.999922222
vn 0.004656850 0.032827490 0.999450184
vn 0.015937095 0.021554388 0.999640644
vn -0.007715524 0.040658612 0.999143307
vn 0.000125718 0.032827846 0.999461013
vn -0.012660336 0.044657417 0.998922135
vn -0.008654381 0.040658300 0.999135629
vn -0.005874034 0.045402542 0.998951503
vn -0.005130414 0.044660408 0.998989052
vn 0.004070978 0.043075040 0.999063546
vn 0.001738217 0.045403257 0.998967228
vn 0.013282059 0.038156167 0.999183514
vn 0.008356787 0.043073893 0.999036938
vn 0.020247863 0.031554922 0.999296908
vn 0.013640675 0.038155982 0.999178689
vn 0.024353334 0.024367927 0.999406383
vn 0.017161993 0.031556744 0.999354611
vn 0.025709221 0.017590063 0.999514695
vn 0.018928889 0.024370789 0.999523768
vn 0.024944021 0.011907741 0.999617928
vn 0.019260687 0.017592615 0.999659705
vn 0.022882528 0.007627425 0.999709064
vn 0.018602000 0.011909386 0.999756036
vn 0.020253937 0.004726649 0.999783695
vn 0.017353228 0.007628274 0.999820321
vn 0.012421335 0.000000000 0.999922852
vn 0.007694307 0.004727479 0.999959223
vn 0.000000000 0.000000000 1.000000000
vn 0.000000000 0.000000000 1.000000000
vn 0.011608842 -0.000603840 0.999932433
vn 0.010708365 0.000296749 0.999942620
vn 0.011613552 -0.002076161 0.999930405
vn 0.010141412 -0.000603850 0.999948392
vn 0.001191442 0.000000000 0.999999290
vn 0.003267723 -0.002076290 0.999992505
vn 0.000000000 0.000000000 1.000000000
vn 0.000000000 0.000000000 1.000000000
vn 0.000000000 0.000000000 1.000000000
vn 0.000000000 0.000000000 1.000000000
vn 0.000000000 0.000000000 1.000000000
vn 0.000000000 0.000000000 1.000000000
vn 0.000000000 0.000000000 1.000000000
vn 0.000000000 0.000000000 1.000000000
vn 0.000000000 0.000000000 1.000000000
vn 0.000000000 0.000000000 1.000000000
vn 0.000000000 -0.002805862 0.999996064
vn -0.002805862 0.000000000 0.999996064
vn 0.000000000 -0.003209358 0.999994850
vn -0.000403500 -0.002805861 0.999995982
vn 0.000000000 -0.001210489 0.999999267
vn 0.001998870 -0.003209351 0.999992852
vn 0.000000000 0.000000000 1.000000000
vn 0.001210488 -0.001210488 0.999998535
vn 0.000000000 0.000000000 1.000000000
vn 0.000000000 0.000000000 1.000000000
vn 0.000000000 -0.001822281 0.999998340
vn -0.001822281 0.000000000 0.999998340
vn -0.022560073 0.002541607 0.999742258
vn -0.018198299 -0.001821979 0.999832737
vn -0.051140419 0.012904635 0.998608095
vn -0.040797215 0.002540137 0.999164218
vn -0.047934192 0.022385543 0.998599620
vn -0.038475374 0.012911975 0.999176124
vn -0.003283445 0.026451136 0.999644715
vn 0.000758800 0.022411298 0.999748547
vn 0.015934606 0.027869326 0.999484562
vn 0.017357293 0.026447294 0.999499507
vn 0.000125728 0.030372498 0.999538641
vn 0.002627575 0.027872768 0.999608025
vn -0.008656886 0.032786178 0.999424897
vn -0.006240339 0.030371907 0.999519187
vn -0.005132665 0.033450206 0.999427206
vn -0.004468825 0.032787079 0.999452369
vn 0.001739123 0.031947811 0.999488025
vn 0.000234681 0.033450646 0.999440343
vn 0.008361140 0.028552587 0.999557323
vn 0.004963303 0.031947466 0.999477226
vn 0.013646721 0.023883041 0.999621612
vn 0.008974714 0.028552435 0.999552006
vn 0.017167544 0.018692202 0.999677887
vn 0.011974944 0.023883552 0.999643025
vn 0.018932743 0.013670025 0.999727304
vn 0.013909658 0.018693149 0.999728507
vn 0.019262835 0.009302797 0.999771174
vn 0.014895371 0.013670958 0.999795596
vn 0.018603004 0.005823689 0.999809988
vn 0.015124024 0.009303459 0.999842342
vn 0.017353642 0.003246116 0.999844145
vn 0.014776309 0.005824061 0.999873863
vn 0.007694393 0.000000000 0.999970398
vn 0.004447932 0.003246573 0.999984838
vn 0.000000000 0.000000000 1.000000000
vn 0.000000000 0.000000000 1.000000000
vn 0.010708365 -0.000365360 0.999942597
vn 0.008881538 0.001461641 0.999959490
vn 0.010141367 -0.003044712 0.999943940
vn 0.007462226 -0.000365371 0.999972090
vn 0.003267724 -0.001941233 0.999992777
vn 0.004371321 -0.003044839 0.999985810
vn 0.000000000 -0.002220177 0.999997535
vn -0.000278935 -0.001941243 0.999998077
vn 0.000000000 -0.007944071 0.999968445
vn -0.005724031 -0.002220140 0.999981153
vn 0.000000000 -0.018436007 0.999830042
vn -0.010493911 -0.007943633 0.999913385
vn 0.000000000 -0.031236252 0.999512029
vn -0.012809132 -0.018434495 0.999748016
vn 0.000000000 -0.042619372 0.999091382
vn -0.011400323 -0.031234222 0.999447075
vn -0.002802872 -0.046147543 0.998930702
vn -0.006338790 -0.042618516 0.999071310
vn -0.000403092 -0.045025423 0.998985760
vn 0.000721534 -0.046147713 0.998934366
vn 0.001997294 -0.039838925 0.999204119
vn 0.007191876 -0.045024262 0.998960006
vn 0.001209933 -0.030305380 0.999539954
vn 0.010752654 -0.039836702 0.999148346
vn 0.000000000 -0.019996374 0.999800053
vn 0.010313667 -0.030303790 0.999487523
vn -0.001822133 -0.012746010 0.999917106
vn 0.005429857 -0.019996079 0.999785314
vn -0.018198317 -0.001159507 0.999833725
vn -0.006613295 -0.012745752 0.999896900
vn -0.040792864 0.014823368 0.999057661
vn -0.024826620 -0.001159342 0.999691100
vn -0.038463335 0.028148024 0.998863484
vn -0.025153668 0.014831023 0.999573576
vn 0.000758685 0.028349143 0.999597794
vn 0.000939117 0.028168856 0.999602738
vn 0.017358839 0.022834801 0.999588537
vn 0.011844042 0.028347163 0.999527967
vn 0.002627988 0.021499006 0.999765416
vn 0.001288118 0.022838223 0.999738344
vn -0.006241607 0.022722282 0.999722332
vn -0.005017575 0.021498810 0.999756283
vn -0.004470009 0.023356738 0.999717201
vn -0.003835502 0.022722558 0.999734452
vn 0.000234753 0.022584554 0.999744909
vn -0.000538069 0.023356968 0.999727044
vn 0.004964793 0.020510425 0.999777312
vn 0.002889827 0.022584460 0.999740762
vn 0.008976999 0.017500900 0.999806547
vn 0.005966667 0.020510313 0.999771837
vn 0.011977185 0.014011009 0.999830105
vn 0.008486718 0.017500975 0.999810828
vn 0.013911327 0.010466952 0.999848447
vn 0.010367009 0.014011261 0.999848093
vn 0.014896378 0.007183229 0.999863240
vn 0.011612669 0.010467259 0.999877784
vn 0.015124537 0.004332364 0.999876232
vn 0.012273857 0.007183485 0.999898870
vn 0.014776531 0.001962665 0.999888895
vn 0.012407085 0.004332526 0.999913643
vn 0.004447955 0.000000000 0.999990108
vn 0.002485103 0.001962874 0.999994986
vn 0.000000000 0.000000000 1.000000000
vn 0.000000000 0.000000000 1.000000000
vn 0.008881547 -0.000013502 0.999960558
vn 0.006287166 0.002581024 0.999976905
vn 0.007462177 -0.003637682 0.999965541
vn 0.003838101 -0.000013502 0.999992634
vn 0.004371174 -0.008749156 0.999952171
vn -0.000740379 -0.003637783 0.999993109
vn -0.000278900 -0.015750799 0.999875910
vn -0.007281643 -0.008749007 0.999935214
vn -0.005722301 -0.024687765 0.999678833
vn -0.014663685 -0.015749107 0.999768444
vn -0.010487842 -0.034918939 0.999335115
vn -0.020730518 -0.024682863 0.999480366
vn -0.012798340 -0.044984744 0.998905689
vn -0.022884250 -0.034911715 0.999128362
vn -0.011389934 -0.052873472 0.998536261
vn -0.019300423 -0.044980049 0.998801426
vn -0.006334355 -0.056679413 0.998372335
vn -0.010150778 -0.052874178 0.998549590
vn 0.000721196 -0.055366057 0.998465863
vn 0.002039708 -0.056680432 0.998390289
vn 0.007190452 -0.049215896 0.998762281
vn 0.013351898 -0.055361136 0.998377119
vn 0.010752715 -0.039693204 0.999154057
vn 0.020283106 -0.049207043 0.998582627
vn 0.010314137 -0.028762711 0.999533053
vn 0.021248056 -0.039686537 0.998986236
vn 0.005430092 -0.017699432 0.999828607
vn 0.016495630 -0.028760327 0.999450218
vn -0.006613746 -0.005100219 0.999965122
vn 0.005987047 -0.017699376 0.999825428
vn -0.024824979 0.011556550 0.999625013
vn -0.008172630 -0.005100160 0.999953597
vn -0.025148593 0.024965928 0.999371928
vn -0.011742070 0.011559316 0.999864244
vn 0.000939210 0.024379030 0.999702346
vn 0.000344053 0.024973825 0.999688046
vn 0.011846938 0.017741086 0.999772426
vn 0.005206852 0.024378710 0.999689235
vn 0.001288298 0.015559276 0.999878117
vn -0.000895355 0.017742324 0.999842192
vn -0.005018061 0.016381394 0.999853224
vn -0.004195627 0.015559152 0.999870146
vn -0.003835933 0.017079233 0.999846781
vn -0.003138033 0.016381520 0.999860890
vn -0.000538140 0.016832054 0.999858186
vn -0.000785511 0.017079354 0.999853829
vn 0.002890210 0.015654468 0.999873284
vn 0.001712342 0.016832032 0.999856865
vn 0.005967359 0.013740793 0.999887784
vn 0.004053382 0.015654405 0.999869246
vn 0.008487472 0.011342715 0.999899648
vn 0.006089154 0.013740783 0.999887050
vn 0.010367634 0.008708402 0.999908334
vn 0.007733202 0.011342784 0.999905765
vn 0.011613094 0.006039260 0.999914328
vn 0.008943969 0.008708521 0.999922081
vn 0.012274099 0.003472623 0.999918640
vn 0.009707592 0.006039382 0.999934642
vn 0.012407194 0.001088383 0.999922435
vn 0.010023154 0.003472710 0.999943737
vn 0.002485108 0.000000000 0.999996912
vn 0.001396646 0.001088466 0.999998432
vn 0.000000000 0.000000000 1.000000000
vn 0.000000000 0.000000000 1.000000000
vn 0.006287186 0.000633727 0.999980035
vn 0.003246164 0.003674804 0.999987979
vn 0.003838079 -0.003381884 0.999986916
vn -0.000177539 0.000633739 0.999999783
vn -0.000740355 -0.008756148 0.999961390
vn -0.006114791 -0.003381846 0.999975586
vn -0.007281010 -0.015822780 0.999848302
vn -0.014348783 -0.008755249 0.999858719
vn -0.014661069 -0.024589609 0.999590118
vn -0.023432221 -0.015818855 0.999600268
vn -0.020724533 -0.034440892 0.999191833
vn -0.030586777 -0.024580746 0.999229821
vn -0.022876013 -0.044019843 0.998768713
vn -0.032473147 -0.034430123 0.998879403
vn -0.019294367 -0.051472121 0.998488031
vn -0.026763953 -0.044015593 0.998672278
vn -0.010149586 -0.055043942 0.998432346
vn -0.013726305 -0.051476855 0.998579853
vn 0.002040035 -0.053783023 0.998550562
vn 0.003307233 -0.055046477 0.998478316
vn 0.013357017 -0.047961777 0.998759860
vn 0.019182024 -0.053773239 0.998368914
vn 0.020292292 -0.038955716 0.999034872
vn 0.029293528 -0.047945472 0.998420313
vn 0.021256099 -0.028619244 0.999364357
vn 0.031585739 -0.038944298 0.998742050
vn 0.016499698 -0.018284208 0.999696678
vn 0.026831727 -0.028615405 0.999230312
vn 0.005987827 -0.007275145 0.999955608
vn 0.016997082 -0.018284056 0.999688348
vn -0.008172587 0.006040485 0.999948359
vn 0.005143051 -0.007275179 0.999960310
vn -0.011741226 0.016653804 0.999792376
vn -0.001127178 0.006040683 0.999981120
vn 0.000344109 0.017240654 0.999851310
vn 0.000929987 0.016654945 0.999860864
vn 0.005207932 0.013393972 0.999896734
vn 0.001360404 0.017240639 0.999850444
vn -0.000895427 0.012437313 0.999922253
vn -0.001852403 0.013394131 0.999908579
vn -0.004195756 0.013431214 0.999900994
vn -0.003201643 0.012437254 0.999917529
vn -0.003138135 0.014248714 0.999893557
vn -0.002320567 0.013431297 0.999907103
vn -0.000785545 0.014324125 0.999897096
vn -0.000710185 0.014248781 0.999898229
vn 0.001712425 0.013643290 0.999905460
vn 0.001031462 0.014324121 0.999896872
vn 0.004053572 0.012302582 0.999916104
vn 0.002712683 0.013643260 0.999903247
vn 0.006089397 0.010439308 0.999926967
vn 0.004225941 0.012302573 0.999915390
vn 0.007733440 0.008203804 0.999936444
vn 0.005497804 0.010439344 0.999930395
vn 0.008944161 0.005738602 0.999943534
vn 0.006478912 0.008203878 0.999945359
vn 0.009707720 0.003168221 0.999947860
vn 0.007137387 0.005738686 0.999958062
vn 0.010023213 0.000599020 0.999949587
vn 0.007454137 0.003168282 0.999967198
vn 0.001396647 0.000000000 0.999999025
vn 0.000797598 0.000599050 0.999999502
vn 0.000000000 0.000000000 1.000000000
vn 0.000000000 0.000000000 1.000000000
vn 0.003246182 0.001632310 0.999993399
vn 0.000159574 0.004718895 0.999988853
vn -0.000177538 -0.002089609 0.999997801
vn -0.003899438 0.001632306 0.999991065
vn -0.006114693 -0.006604912 0.999959492
vn -0.010629883 -0.002089491 0.999941318
vn -0.014348292 -0.012041997 0.999824543
vn -0.019785435 -0.006603742 0.999782440
vn -0.023431212 -0.018341438 0.999557187
vn -0.029731738 -0.012037912 0.999485424
vn -0.030586393 -0.025085698 0.999217284
vn -0.037333802 -0.018333685 0.999134657
vn -0.032476355 -0.031433745 0.998978081
vn -0.038828583 -0.025078514 0.998931133
vn -0.026772297 -0.036262595 0.998983618
vn -0.031601684 -0.031434627 0.999006105
vn -0.013734330 -0.038514633 0.999163646
vn -0.015980642 -0.036270965 0.999214209
vn 0.003309911 -0.037614744 0.999286833
vn 0.004214389 -0.038517924 0.999249022
vn 0.019198885 -0.033732465 0.999246478
vn 0.023074558 -0.037604935 0.999026243
vn 0.029315992 -0.027711869 0.999185981
vn 0.035321147 -0.033717632 0.998807057
vn 0.031602950 -0.020693277 0.999286266
vn 0.038608246 -0.027703115 0.998870332
vn 0.026840258 -0.013541939 0.999548006
vn 0.033985455 -0.020691659 0.999208109
vn 0.016999610 -0.006068653 0.999837079
vn 0.024471224 -0.013542763 0.999608800
vn 0.005143172 0.002451144 0.999983770
vn 0.013662555 -0.006068964 0.999888245
vn -0.001127148 0.009466184 0.999954559
vn 0.005888112 0.002451134 0.999979661
vn 0.000930056 0.011285436 0.999935885
vn 0.002749527 0.009466154 0.999951415
vn 0.001360529 0.010680325 0.999942038
vn 0.000755344 0.011285437 0.999936032
vn -0.001852451 0.011282228 0.999934638
vn -0.001250479 0.010680327 0.999942182
vn -0.003201637 0.012593545 0.999915573
vn -0.001890141 0.011282227 0.999934567
vn -0.002320564 0.013525177 0.999905838
vn -0.001388828 0.012593597 0.999919733
vn -0.000710190 0.013773588 0.999904887
vn -0.000461768 0.013525212 0.999908424
vn 0.001031476 0.013319543 0.999910759
vn 0.000577347 0.013773589 0.999904973
vn 0.002712734 0.012210943 0.999921764
vn 0.001603968 0.013319533 0.999910005
vn 0.004226026 0.010530880 0.999935619
vn 0.002545760 0.012210948 0.999922203
vn 0.005497910 0.008385503 0.999949727
vn 0.003352347 0.010530915 0.999938929
vn 0.006479018 0.005893672 0.999961643
vn 0.003987068 0.008385563 0.999956892
vn 0.007137468 0.003179895 0.999969472
vn 0.004423661 0.005893738 0.999972847
vn 0.007454174 0.000370527 0.999972149
vn 0.004644853 0.003179942 0.999984157
vn 0.000797599 0.000000000 0.999999682
vn 0.000427061 0.000370538 0.999999840
vn 0.000000000 0.000000000 1.000000000
vn 0.000000000 0.000000000 1.000000000
vn 0.000159576 0.002805440 0.999996052
vn -0.002638499 0.005603469 0.999980820
vn -0.003899443 -0.000094341 0.999992393
vn -0.006799082 0.002805376 0.999972951
vn -0.010629860 -0.002928517 0.999939213
vn -0.013463639 -0.000094333 0.999909357
vn -0.019785564 -0.005531845 0.999788943
vn -0.022388349 -0.002927949 0.999745062
vn -0.029732998 -0.007759966 0.999527754
vn -0.031960839 -0.005530101 0.999473823
vn -0.037338390 -0.009509758 0.999257429
vn -0.039088255 -0.007757465 0.999205650
vn -0.038838562 -0.010731320 0.999187873
vn -0.040059350 -0.009508756 0.999152057
vn -0.031615246 -0.011421127 0.999434857
vn -0.032301937 -0.010733819 0.999420517
vn -0.015990089 -0.011597993 0.999804883
vn -0.016162714 -0.011425346 0.999804095
vn 0.004217250 -0.011278382 0.999927504
vn 0.004538261 -0.011599357 0.999922427
vn 0.023089626 -0.010466279 0.999678611
vn 0.023898256 -0.011275261 0.999650810
vn 0.035339759 -0.009158571 0.999333389
vn 0.036641665 -0.010462040 0.999273703
vn 0.038622025 -0.007355805 0.999226817
vn 0.040420335 -0.009156806 0.999140806
vn 0.033992303 -0.005028811 0.999409443
vn 0.036317145 -0.007356441 0.999313238
vn 0.024473422 -0.001942287 0.999698594
vn 0.027558891 -0.005029808 0.999607527
vn 0.013662775 0.002137517 0.999904375
vn 0.017741849 -0.001942563 0.999840714
vn 0.005888021 0.006079171 0.999964187
vn 0.009829402 0.002137613 0.999949405
vn 0.002749557 0.008272670 0.999962001
vn 0.004943105 0.006079202 0.999969304
vn 0.000755358 0.009545392 0.999954156
vn 0.002028164 0.008272685 0.999963724
vn -0.001250473 0.011091817 0.999937702
vn 0.000296114 0.009545394 0.999954398
vn -0.001890111 0.012607464 0.999918736
vn -0.000374261 0.011091825 0.999938414
vn -0.001388810 0.013607657 0.999906447
vn -0.000388468 0.012607486 0.999920447
vn -0.000461766 0.013935228 0.999902793
vn -0.000134146 0.013607670 0.999907402
vn 0.000577349 0.013566761 0.999907801
vn 0.000208811 0.013935229 0.999902878
vn 0.001603984 0.012527939 0.999920236
vn 0.000564987 0.013566761 0.999907808
vn 0.002545799 0.010879593 0.999937575
vn 0.000897221 0.012527950 0.999921120
vn 0.003352406 0.008711245 0.999956437
vn 0.001183834 0.010879620 0.999940114
vn 0.003987133 0.006134722 0.999973234
vn 0.001410447 0.008711285 0.999961061
vn 0.004423714 0.003278154 0.999984842
vn 0.001567067 0.006134763 0.999979954
vn 0.004644877 0.000280430 0.999989173
vn 0.001647145 0.003278182 0.999993270
vn 0.000427061 0.000000000 0.999999909
vn 0.000146628 0.000280433 0.999999950
vn 0.000000000 0.000000000 1.000000000
vn 0.000000000 0.000000000 1.000000000
vn -0.002638521 0.003798201 0.999989306
vn -0.004918663 0.006078321 0.999969430
vn -0.006799097 0.001865041 0.999975147
vn -0.008732025 0.003798070 0.999954662
vn -0.013463635 0.000835034 0.999909012
vn -0.014493289 0.001864888 0.999893228
vn -0.022388430 0.001151727 0.999748684
vn -0.022071766 0.000834907 0.999756040
vn -0.031961181 0.003034952 0.999484503
vn -0.030079527 0.001151494 0.999546845
vn -0.039088662 0.006275663 0.999216039
vn -0.035852032 0.003034552 0.999352502
vn -0.040059098 0.010148599 0.999145772
vn -0.036192217 0.006276348 0.999325138
vn -0.032300827 0.013561051 0.999386189
vn -0.028895000 0.010152510 0.999530893
vn -0.016161843 0.015436131 0.999750229
vn -0.014292497 0.013566745 0.999805815
vn 0.004538044 0.015172753 0.999874589
vn 0.004272733 0.015438007 0.999871698
vn 0.023897777 0.012931001 0.999630775
vn 0.021660148 0.015169349 0.999650303
vn 0.036641998 0.009554113 0.999282784
vn 0.033272272 0.012927534 0.999362714
vn 0.040421259 0.006172959 0.999163658
vn 0.037045109 0.009553971 0.999267923
vn 0.036317871 0.003758334 0.999333221
vn 0.033904668 0.006174456 0.999405998
vn 0.027559125 0.002887944 0.999616003
vn 0.026688224 0.003759476 0.999636737
vn 0.017741764 0.003655801 0.999835919
vn 0.018508774 0.002888546 0.999824525
vn 0.009829280 0.005434987 0.999936921
vn 0.011607969 0.003656130 0.999925941
vn 0.004943063 0.007336359 0.999960871
vn 0.006844312 0.005435122 0.999961807
vn 0.002028183 0.007025450 0.999973264
vn 0.001717180 0.007336438 0.999971614
vn 0.000296121 0.006729358 0.999977314
vn 0.000000000 0.007025465 0.999975321
vn -0.000374274 0.007103615 0.999974699
vn 0.000000000 0.006729358 0.999977358
vn -0.000388488 0.007492082 0.999971858
vn 0.000000000 0.007103615 0.999974769
vn -0.000134154 0.007626229 0.999970911
vn 0.000000000 0.007492083 0.999971934
vn 0.000208826 0.007417415 0.999972469
vn 0.000000000 0.007626229 0.999970920
vn 0.000565025 0.006852419 0.999976362
vn 0.000000000 0.007417415 0.999972491
vn 0.000897275 0.005955181 0.999981865
vn 0.000000000 0.006852420 0.999976522
vn 0.001183890 0.004771327 0.999987916
vn 0.000000000 0.005955183 0.999982268
vn 0.001410492 0.003360860 0.999993358
vn 0.000000000 0.004771330 0.999988617
vn 0.001567094 0.001793779 0.999997163
vn 0.000000000 0.003360864 0.999994352
vn 0.001647154 0.000146628 0.999998633
vn 0.000000000 0.001793782 0.999998391
vn 0.000146628 -0.001323001 0.999999114
vn -0.001323001 0.000146628 0.999999114
vn 0.000000000 -0.002682057 0.999996403
vn -0.001359062 -0.001323000 0.999998201
vn -0.004918709 0.004278393 0.999978751
vn -0.000640330 0.000000000 0.999999795
vn -0.008732047 0.003078535 0.999957136
vn -0.009931657 0.004278234 0.999941528
vn -0.014493236 0.003295528 0.999889537
vn -0.014276088 0.003078338 0.999893353
vn -0.022071436 0.005536898 0.999741064
vn -0.019830704 0.003295226 0.999797922
vn -0.030078024 0.010062406 0.999496904
vn -0.025555284 0.005536439 0.999658079
vn -0.035847337 0.016465187 0.999221630
vn -0.029450446 0.010062594 0.999515590
vn -0.036182902 0.023537584 0.999067955
vn -0.029118820 0.016468789 0.999440280
vn -0.028883906 0.029508869 0.999147110
vn -0.022921659 0.023546819 0.999459927
vn -0.014286190 0.032653277 0.999364632
vn -0.011149740 0.029519351 0.999502022
vn 0.004271052 0.032015758 0.999478239
vn 0.003629755 0.032656394 0.999460047
vn 0.021654233 0.027858452 0.999377307
vn 0.017499408 0.032011147 0.999334307
vn 0.033267334 0.021537659 0.999214398
vn 0.026952003 0.027854864 0.999248566
vn 0.037042698 0.014881189 0.999202877
vn 0.030389613 0.021539633 0.999306017
vn 0.033903797 0.009459035 0.999380338
vn 0.028481939 0.014885367 0.999483469
vn 0.026687911 0.006135867 0.999624983
vn 0.023363765 0.009461892 0.999682253
vn 0.018508620 0.005005310 0.999816172
vn 0.017377132 0.006137126 0.999830171
vn 0.011607868 0.005547667 0.999917237
vn 0.012149676 0.005005798 0.999913660
vn 0.006844403 0.001717186 0.999975102
vn 0.003013616 0.005548016 0.999980069
vn 0.001717227 0.000000000 0.999998526
vn 0.000000000 0.001717227 0.999998526
vn 0.000000000 0.000000000 1.000000000
vn 0.000000000 0.000000000 1.000000000
vn 0.000000000 0.000000000 1.000000000
vn 0.000000000 0.000000000 1.000000000
vn 0.000000000 0.000000000 1.000000000
vn 0.000000000 0.000000000 1.000000000
vn 0.000000000 0.000000000 1.000000000
vn 0.000000000 0.000000000 1.000000000
vn 0.000000000 0.000000000 1.000000000
vn 0.000000000 0.000000000 1.000000000
vn 0.000000000 0.000000000 1.000000000
vn 0.000000000 0.000000000 1.000000000
vn 0.000000000 0.000000000 1.000000000
vn 0.000000000 0.000000000 1.000000000
vn 0.000000000 0.000000000 1.000000000
vn 0.000000000 0.000000000 1.000000000
vn 0.000000000 0.000000000 1.000000000
vn 0.000000000 0.000000000 1.000000000
vn 0.000000000 0.000000000 1.000000000
vn 0.000000000 0.000000000 1.000000000
vn 0.000000000 0.000000000 1.000000000
vn 0.000000000 0.000000000 1.000000000
vn -0.001322996 -0.002755093 0.999995330
vn -0.004078074 0.000000000 0.999991685
vn -0.001359042 -0.005600296 0.999983395
vn -0.004204294 -0.002755071 0.999987367
vn -0.000640330 0.000640330 0.999999590
vn 0.000000000 0.000000000 1.000000000
vn -0.009931695 0.003275084 0.999945316
vn -0.007297109 0.000640313 0.999973171
vn -0.014276047 0.003916016 0.999890424
vn -0.013635088 0.003274941 0.999901675
vn -0.019830371 0.006668346 0.999781121
vn -0.017078729 0.003915844 0.999846480
vn -0.025553901 0.011786862 0.999603956
vn -0.020437575 0.006668265 0.999768893
vn -0.029446718 0.018825701 0.999389055
vn -0.022411854 0.011787751 0.999679327
vn -0.029112545 0.026496338 0.999224901
vn -0.021446706 0.018829536 0.999592661
vn -0.022915589 0.032919618 0.999195263
vn -0.016496762 0.026503967 0.999512580
vn -0.011147261 0.036271672 0.999279793
vn -0.007799142 0.032927263 0.999427320
vn 0.003629396 0.035549086 0.999361341
vn 0.002903782 0.036273773 0.999337671
vn 0.017499948 0.031031540 0.999365196
vn 0.012981207 0.035546325 0.999283717
vn 0.026954601 0.024150294 0.999344892
vn 0.020073423 0.031030039 0.999316864
vn 0.030392355 0.016839196 0.999396191
vn 0.023081071 0.024152636 0.999441801
vn 0.028483445 0.010765125 0.999536295
vn 0.022408598 0.016842748 0.999607011
vn 0.023364265 0.006840721 0.999703614
vn 0.019439020 0.010767459 0.999753063
vn 0.017377228 0.005163992 0.999835669
vn 0.015699873 0.006841745 0.999853341
vn 0.012149773 0.003013440 0.999921648
vn 0.009998927 0.005164514 0.999936673
vn 0.003013662 0.000000000 0.999995459
vn 0.000000000 0.003013662 0.999995459
vn 0.000000000 0.000000000 1.000000000
vn 0.000000000 0.000000000 1.000000000
vn 0.000000000 0.000000000 1.000000000
vn 0.000000000 0.000000000 1.000000000
vn 0.000000000 0.000000000 1.000000000
vn 0.000000000 0.000000000 1.000000000
vn 0.000000000 0.000000000 1.000000000
vn 0.000000000 0.000000000 1.000000000
vn 0.000000000 0.000000000 1.000000000
vn 0.000000000 0.000000000 1.000000000
vn 0.000000000 0.000000000 1.000000000
vn 0.000000000 0.000000000 1.000000000
vn 0.000000000 0.000000000 1.000000000
vn 0.000000000 0.000000000 1.000000000
vn 0.000000000 0.000000000 1.000000000
vn 0.000000000 0.000000000 1.000000000
vn 0.000000000 0.000000000 1.000000000
vn 0.000000000 0.000000000 1.000000000
vn 0.000000000 0.000000000 1.000000000
vn 0.000000000 0.000000000 1.000000000
vn 0.000000000 0.000000000 1.000000000
vn 0.000000000 0.000000000 1.000000000
vn 0.000000000 0.000000000 1.000000000
vn 0.000000000 0.000000000 1.000000000
vn -0.004078061 -0.002522642 0.999988503
vn -0.006600636 0.000000000 0.999978216
vn -0.004204255 -0.005125056 0.999978029
vn -0.006806666 -0.002522605 0.999973653
vn 0.000000000 0.000000000 1.000000000
vn 0.000000000 0.000000000 1.000000000
vn -0.007297084 0.002690460 0.999969757
vn -0.004606715 0.000000000 0.999989389
vn -0.013635094 0.003146135 0.999902088
vn -0.013179335 0.002690298 0.999909530
vn -0.017078616 0.005343902 0.999839869
vn -0.014881315 0.003146079 0.999884318
vn -0.020437107 0.009497321 0.999746031
vn -0.016284930 0.005343973 0.999853111
vn -0.022410807 0.015242979 0.999632636
vn -0.016667128 0.009497986 0.999815981
vn -0.021445540 0.021522088 0.999538338
vn -0.015168489 0.015245054 0.999768726
vn -0.016496637 0.026787556 0.999505021
vn -0.011232701 0.021525681 0.999705192
vn -0.007799968 0.029538380 0.999533213
vn -0.005050381 0.026790860 0.999628303
vn 0.002904476 0.028950948 0.999576614
vn 0.002315726 0.029539199 0.999560940
vn 0.012985272 0.025256360 0.999596668
vn 0.009289555 0.028949821 0.999537699
vn 0.020079224 0.019630250 0.999605661
vn 0.014452466 0.025255852 0.999576544
vn 0.023085651 0.013661663 0.999640141
vn 0.017116739 0.019631332 0.999660756
vn 0.022410925 0.008720607 0.999710809
vn 0.017469659 0.013663219 0.999754033
vn 0.019439847 0.005553701 0.999795603
vn 0.016272754 0.008721643 0.999829551
vn 0.015700100 0.004235353 0.999867776
vn 0.014381543 0.005554177 0.999881154
vn 0.009999060 0.000000000 0.999950008
vn 0.005763500 0.004235805 0.999974420
vn 0.000000000 0.000000000 1.000000000
vn 0.000000000 0.000000000 1.000000000
vn 0.000000000 0.000000000 1.000000000
vn 0.000000000 0.000000000 1.000000000
vn 0.000000000 0.000000000 1.000000000
vn 0.000000000 0.000000000 1.000000000
vn 0.000000000 0.000000000 1.000000000
vn 0.000000000 0.000000000 1.000000000
vn 0.000000000 0.000000000 1.000000000
vn 0.000000000 0.000000000 1.000000000
vn 0.000000000 0.000000000 1.000000000
vn 0.000000000 0.000000000 1.000000000
vn 0.000000000 0.000000000 1.000000000
vn 0.000000000 0.000000000 1.000000000
vn 0.000000000 0.000000000 1.000000000
vn 0.000000000 0.000000000 1.000000000
vn 0.000000000 0.000000000 1.000000000
vn 0.000000000 0.000000000 1.000000000
vn 0.000000000 0.000000000 1.000000000
vn 0.000000000 0.000000000 1.000000000
vn 0.000000000 0.000000000 1.000000000
vn 0.000000000 0.000000000 1.000000000
vn 0.000000000 0.000000000 1.000000000
vn 0.000000000 0.000000000 1.000000000
vn 0.000000000 0.000000000 1.000000000
vn 0.000000000 0.000000000 1.000000000
vn -0.006600621 -0.002143545 0.999975918
vn -0.008744042 0.000000000 0.999961770
vn -0.006806623 -0.004354262 0.999967355
vn -0.009017265 -0.002143505 0.999957046
vn 0.000000000 0.000000000 1.000000000
vn 0.000000000 0.000000000 1.000000000
vn -0.004606707 0.001803671 0.999987762
vn -0.002803060 0.000000000 0.999996071
vn -0.013179359 0.001905647 0.999911333
vn -0.013077264 0.001803536 0.999912862
vn -0.014881313 0.003196675 0.999884157
vn -0.013590528 0.001905637 0.999905829
vn -0.016284886 0.005831050 0.999850389
vn -0.013651104 0.003196731 0.999901709
vn -0.016667116 0.009572040 0.999815275
vn -0.012927010 0.005831336 0.999899439
vn -0.015168826 0.013710824 0.999790938
vn -0.011030938 0.009572787 0.999893334
vn -0.011233641 0.017205817 0.999788860
vn -0.007739294 0.013711991 0.999876035
vn -0.005051278 0.019044607 0.999805875
vn -0.003212912 0.017206814 0.999846790
vn 0.002316333 0.018671633 0.999822987
vn 0.001943021 0.019044814 0.999816743
vn 0.009292224 0.016242555 0.999824902
vn 0.006862954 0.018671243 0.999802123
vn 0.014455939 0.012548913 0.999816759
vn 0.010762358 0.016242315 0.999810161
vn 0.017119397 0.008659650 0.999815951
vn 0.013230378 0.012549126 0.999833724
vn 0.017471026 0.005494049 0.999832275
vn 0.014305683 0.008660033 0.999860166
vn 0.016273271 0.003548093 0.999861286
vn 0.014327456 0.005494324 0.999882261
vn 0.014381706 0.002861916 0.999892482
vn 0.013695520 0.003548230 0.999899916
vn 0.005763552 0.000000000 0.999983391
vn 0.002901399 0.002862200 0.999991695
vn 0.000000000 0.000000000 1.000000000
vn 0.000000000 0.000000000 1.000000000
vn 0.000000000 0.000000000 1.000000000
vn 0.000000000 0.000000000 1.000000000
vn 0.000000000 0.000000000 1.000000000
vn 0.000000000 0.000000000 1.000000000
vn 0.000000000 0.000000000 1.000000000
vn 0.000000000 0.000000000 1.000000000
vn 0.000000000 0.000000000 1.000000000
vn 0.000000000 0.000000000 1.000000000
vn 0.000000000 0.000000000 1.000000000
vn 0.000000000 0.000000000 1.000000000
vn 0.000000000 0.000000000 1.000000000
vn 0.000000000 0.000000000 1.000000000
vn 0.000000000 0.000000000 1.000000000
vn 0.000000000 0.000000000 1.000000000
vn 0.000000000 0.000000000 1.000000000
vn 0.000000000 0.000000000 1.000000000
vn 0.000000000 0.000000000 1.000000000
vn 0.000000000 0.000000000 1.000000000
vn 0.000000000 0.000000000 1.000000000
vn 0.000000000 0.000000000 1.000000000
vn 0.000000000 0.000000000 1.000000000
vn 0.000000000 0.000000000 1.000000000
vn 0.000000000 0.000000000 1.000000000
vn 0.000000000 0.000000000 1.000000000
vn -0.008744030 -0.001640782 0.999960424
vn -0.010384663 0.000000000 0.999946078
vn -0.009017235 -0.003332867 0.999953790
vn -0.010709197 -0.001640750 0.999941309
vn 0.000000000 0.000000000 1.000000000
vn 0.000000000 0.000000000 1.000000000
vn -0.002803059 0.001015792 0.999995556
vn -0.001787272 0.000000000 0.999998403
vn -0.013077279 0.000953822 0.999914034
vn -0.013139155 0.001015708 0.999913162
vn -0.013590536 0.001573873 0.999906406
vn -0.012970594 0.000953823 0.999915423
vn -0.013651113 0.002969297 0.999902410
vn -0.012255944 0.001573901 0.999923654
vn -0.012927067 0.005010703 0.999903887
vn -0.010886018 0.002969397 0.999936337
vn -0.011031150 0.007299529 0.999912511
vn -0.008742689 0.005010931 0.999949227
vn -0.007739691 0.009246895 0.999927293
vn -0.005792603 0.007299850 0.999956578
vn -0.003213218 0.010279281 0.999942004
vn -0.002180996 0.009247150 0.999954866
vn 0.001943275 0.010081673 0.999947290
vn 0.001745609 0.010279319 0.999945643
vn 0.006863888 0.008741950 0.999938231
vn 0.005524233 0.010081538 0.999933921
vn 0.010763536 0.006707897 0.999919572
vn 0.008729682 0.008741823 0.999923684
vn 0.013231281 0.004583670 0.999901957
vn 0.011107326 0.006707872 0.999915812
vn 0.014306160 0.002887384 0.999893493
vn 0.012610121 0.004583706 0.999909983
vn 0.014327646 0.001895762 0.999895557
vn 0.013336170 0.002887422 0.999906900
vn 0.013695589 0.001625884 0.999904889
vn 0.013425735 0.001895786 0.999908074
vn 0.002901411 0.000000000 0.999995791
vn 0.001275382 0.001626035 0.999997865
vn 0.000000000 0.000000000 1.000000000
vn 0.000000000 0.000000000 1.000000000
vn 0.000000000 0.000000000 1.000000000
vn 0.000000000 0.000000000 1.000000000
vn 0.000000000 0.000000000 1.000000000
vn 0.000000000 0.000000000 1.000000000
vn 0.000000000 0.000000000 1.000000000
vn 0.000000000 0.000000000 1.000000000
vn 0.000000000 0.000000000 1.000000000
vn 0.000000000 0.000000000 1.000000000
vn 0.000000000 0.000000000 1.000000000
vn 0.000000000 0.000000000 1.000000000
vn 0.000000000 0.000000000 1.000000000
vn 0.000000000 0.000000000 1.000000000
vn 0.000000000 0.000000000 1.000000000
vn 0.000000000 0.000000000 1.000000000
vn 0.000000000 0.000000000 1.000000000
vn 0.000000000 0.000000000 1.000000000
vn 0.000000000 0.000000000 1.000000000
vn 0.000000000 0.000000000 1.000000000
vn 0.000000000 0.000000000 1.000000000
vn 0.000000000 0.000000000 1.000000000
vn 0.000000000 0.000000000 1.000000000
vn 0.000000000 0.000000000 1.000000000
vn 0.000000000 0.000000000 1.000000000
vn 0.000000000 0.000000000 1.000000000
vn -0.010384657 -0.001043588 0.999945533
vn -0.011428122 0.000000000 0.999934697
vn -0.010709188 -0.002119792 0.999940408
vn -0.011785274 -0.001043572 0.999930007
vn 0.000000000 0.000000000 1.000000000
vn 0.000000000 0.000000000 1.000000000
vn -0.001787272 0.000500487 0.999998278
vn -0.001286786 0.000000000 0.999999172
vn -0.013139159 0.000597590 0.999913499
vn -0.013042031 0.000500445 0.999914824
vn -0.012970593 0.001017554 0.999915361
vn -0.012550702 0.000597595 0.999921058
vn -0.012255940 0.001799535 0.999923274
vn -0.011474085 0.001017572 0.999933653
vn -0.010886021 0.002875677 0.999936611
vn -0.009810038 0.001799584 0.999950261
vn -0.008742727 0.004048898 0.999953585
vn -0.007569658 0.002875765 0.999967215
vn -0.005792684 0.005031231 0.999970565
vn -0.004810466 0.004049006 0.999980232
vn -0.002181056 0.005543419 0.999982257
vn -0.001668932 0.005031308 0.999985950
vn 0.001745676 0.005432567 0.999983720
vn 0.001634814 0.005543425 0.999983299
vn 0.005524451 0.004741929 0.999973497
vn 0.004833870 0.005432511 0.999973560
vn 0.008729956 0.003690068 0.999955085
vn 0.007678215 0.004741861 0.999959279
vn 0.011107539 0.002572392 0.999935001
vn 0.009990020 0.003690024 0.999943290
vn 0.012610236 0.001643840 0.999919137
vn 0.011681835 0.002572375 0.999928456
vn 0.013336219 0.001043557 0.999910524
vn 0.012736039 0.001643838 0.999917542
vn 0.013425755 0.000785793 0.999909562
vn 0.013168034 0.001043560 0.999912753
vn 0.001275384 0.000000000 0.999999187
vn 0.000489520 0.000785864 0.999999571
vn 0.000000000 0.000000000 1.000000000
vn 0.000000000 0.000000000 1.000000000
vn 0.000000000 0.000000000 1.000000000
vn 0.000000000 0.000000000 1.000000000
vn 0.000000000 0.000000000 1.000000000
vn 0.000000000 0.000000000 1.000000000
vn 0.000000000 0.000000000 1.000000000
vn 0.000000000 0.000000000 1.000000000
vn 0.000000000 0.000000000 1.000000000
vn 0.000000000 0.000000000 1.000000000
vn 0.000000000 0.000000000 1.000000000
vn 0.000000000 0.000000000 1.000000000
vn 0.000000000 0.000000000 1.000000000
vn 0.000000000 0.000000000 1.000000000
vn 0.000000000 0.000000000 1.000000000
vn 0.000000000 0.000000000 1.000000000
vn 0.000000000 0.000000000 1.000000000
vn 0.000000000 0.000000000 1.000000000
vn 0.000000000 0.000000000 1.000000000
vn 0.000000000 0.000000000 1.000000000
vn 0.000000000 0.000000000 1.000000000
vn 0.000000000 0.000000000 1.000000000
vn 0.000000000 0.000000000 1.000000000
vn 0.000000000 0.000000000 1.000000000
vn 0.000000000 0.000000000 1.000000000
vn 0.000000000 0.000000000 1.000000000
vn -0.011428121 -0.000386383 0.999934622
vn -0.011814452 0.000000000 0.999930207
vn -0.011785277 -0.000784841 0.999930243
vn -0.012183681 -0.000386380 0.999925702
vn 0.000000000 0.000000000 1.000000000
vn 0.000000000 0.000000000 1.000000000
vn -0.001286786 0.000243919 0.999999142
vn -0.001042867 0.000000000 0.999999456
vn -0.013042029 0.000771998 0.999914651
vn -0.012514017 0.000243900 0.999921667
vn -0.012550692 0.001407774 0.999920246
vn -0.011915021 0.000772009 0.999928716
vn -0.011474065 0.002144554 0.999931871
vn -0.010737403 0.001407803 0.999941361
vn -0.009810012 0.002933748 0.999947577
vn -0.009020936 0.002144608 0.999957011
vn -0.007569638 0.003676686 0.999964591
vn -0.006826803 0.002933821 0.999972393
vn -0.004810462 0.004241337 0.999979435
vn -0.004245885 0.003676758 0.999984227
vn -0.001668936 0.004504207 0.999988463
vn -0.001406107 0.004241382 0.999990017
vn 0.001634823 0.004399452 0.999988986
vn 0.001530066 0.004504208 0.999988685
vn 0.004833903 0.003947910 0.999980524
vn 0.004382399 0.004399415 0.999980720
vn 0.007678261 0.003248315 0.999965246
vn 0.006978745 0.003947860 0.999967855
vn 0.009990058 0.002436119 0.999947131
vn 0.009177971 0.003248274 0.999952606
vn 0.011681858 0.001634246 0.999930429
vn 0.010880106 0.002436096 0.999937842
vn 0.012736051 0.000921035 0.999918469
vn 0.012022955 0.001634239 0.999926386
vn 0.013168040 0.000325435 0.999913245
vn 0.012572537 0.000921037 0.999920538
vn 0.000489520 0.000000000 0.999999880
vn 0.000164058 0.000325463 0.999999934
vn 0.000000000 0.000000000 1.000000000
vn 0.000000000 0.000000000 1.000000000
vn 0.000000000 0.000000000 1.000000000
vn 0.000000000 0.000000000 1.000000000
vn 0.000000000 0.000000000 1.000000000
vn 0.000000000 0.000000000 1.000000000
vn 0.000000000 0.000000000 1.000000000
vn 0.000000000 0.000000000 1.000000000
vn 0.000000000 0.000000000 1.000000000
vn 0.000000000 0.000000000 1.000000000
vn 0.000000000 0.000000000 1.000000000
vn 0.000000000 0.000000000 1.000000000
vn 0.000000000 0.000000000 1.000000000
vn 0.000000000 0.000000000 1.000000000
vn 0.000000000 0.000000000 1.000000000
vn 0.000000000 0.000000000 1.000000000
vn 0.000000000 0.000000000 1.000000000
vn 0.000000000 0.000000000 1.000000000
vn 0.000000000 0.000000000 1.000000000
vn 0.000000000 0.000000000 1.000000000
vn 0.000000000 0.000000000 1.000000000
vn 0.000000000 0.000000000 1.000000000
vn 0.000000000 0.000000000 1.000000000
vn 0.000000000 0.000000000 1.000000000
vn 0.000000000 0.000000000 1.000000000
vn 0.000000000 0.000000000 1.000000000
vn -0.011814451 0.000293032 0.999930164
vn -0.011521459 0.000000000 0.999933626
vn -0.012183680 0.000595221 0.999925599
vn -0.011881535 0.000293032 0.999929369
vn 0.000000000 0.000000000 1.000000000
vn 0.000000000 0.000000000 1.000000000
vn -0.001042867 0.000155812 0.999999444
vn -0.000887055 0.000000000 0.999999607
vn -0.012514008 0.001260622 0.999920902
vn -0.011409345 0.000155802 0.999934899
vn -0.011914992 0.002354958 0.999926241
vn -0.010820819 0.001260647 0.999940659
vn -0.010737352 0.003393388 0.999936595
vn -0.009699078 0.002355014 0.999950190
vn -0.009020872 0.004320098 0.999949979
vn -0.008094300 0.003393472 0.999961483
vn -0.006826745 0.005067879 0.999963855
vn -0.006079075 0.004320194 0.999972190
vn -0.004245848 0.005565680 0.999975498
vn -0.003748125 0.005067962 0.999980133
vn -0.001406096 0.005754741 0.999982453
vn -0.001217076 0.005565726 0.999983771
vn 0.001530057 0.005606847 0.999983111
vn 0.001382159 0.005754741 0.999982486
vn 0.004382384 0.005134914 0.999977213
vn 0.003910482 0.005606811 0.999976636
vn 0.006978732 0.004389585 0.999966014
vn 0.006233469 0.005134864 0.999967388
vn 0.009177965 0.003443776 0.999951952
vn 0.008232255 0.004389543 0.999956480
vn 0.010880108 0.002373892 0.999937992
vn 0.009810350 0.003443755 0.999945947
vn 0.012022961 0.001246772 0.999926944
vn 0.010895986 0.002373892 0.999937819
vn 0.012572542 0.000116040 0.999920956
vn 0.011441964 0.001246780 0.999933761
vn 0.000164058 0.000000000 0.999999987
vn 0.000048008 0.000116049 0.999999992
vn 0.000000000 0.000000000 1.000000000
vn 0.000000000 0.000000000 1.000000000
vn 0.000000000 0.000000000 1.000000000
vn 0.000000000 0.000000000 1.000000000
vn 0.000000000 0.000000000 1.000000000
vn 0.000000000 0.000000000 1.000000000
vn 0.000000000 0.000000000 1.000000000
vn 0.000000000 0.000000000 1.000000000
vn 0.000000000 0.000000000 1.000000000
vn 0.000000000 0.000000000 1.000000000
vn 0.000000000 0.000000000 1.000000000
vn 0.000000000 0.000000000 1.000000000
vn 0.000000000 0.000000000 1.000000000
vn 0.000000000 0.000000000 1.000000000
vn 0.000000000 0.000000000 1.000000000
vn 0.000000000 0.000000000 1.000000000
vn 0.000000000 0.000000000 1.000000000
vn 0.000000000 0.000000000 1.000000000
vn 0.000000000 0.000000000 1.000000000
vn 0.000000000 0.000000000 1.000000000
vn 0.000000000 0.000000000 1.000000000
vn 0.000000000 0.000000000 1.000000000
vn 0.000000000 0.000000000 1.000000000
vn 0.000000000 0.000000000 1.000000000
vn 0.000000000 0.000000000 1.000000000
vn 0.000000000 0.000000000 1.000000000
vn -0.011521454 0.000955598 0.999933169
vn -0.010565973 0.000000000 0.999944179
vn -0.011881513 0.001941053 0.999927528
vn -0.010896190 0.000955604 0.999940178
vn 0.000000000 0.000000000 1.000000000
vn 0.000000000 0.000000000 1.000000000
vn -0.000887055 0.000150617 0.999999595
vn -0.000736438 0.000000000 0.999999729
vn -0.011409325 0.001857310 0.999933187
vn -0.009702814 0.000150610 0.999952915
vn -0.010820762 0.003487894 0.999935371
vn -0.009190371 0.001857352 0.999956043
vn -0.009698986 0.004964200 0.999940641
vn -0.008222859 0.003487981 0.999960108
vn -0.008094191 0.006211656 0.999947948
vn -0.006846882 0.004964317 0.999964237
vn -0.006078976 0.007161826 0.999955876
vn -0.005128915 0.006211778 0.999967553
vn -0.003748060 0.007757098 0.999962889
vn -0.003152858 0.007161923 0.999969383
vn -0.001217056 0.007957437 0.999967598
vn -0.001016756 0.007757149 0.999969396
vn 0.001382140 0.007747093 0.999969036
vn 0.001171783 0.007957437 0.999967653
vn 0.003910444 0.007138220 0.999966877
vn 0.003301579 0.007747058 0.999964541
vn 0.006233433 0.006169418 0.999961541
vn 0.005264665 0.007138175 0.999960664
vn 0.008232235 0.004899836 0.999954110
vn 0.006962717 0.006169389 0.999956729
vn 0.009810351 0.003401557 0.999946092
vn 0.008312172 0.004899833 0.999953449
vn 0.010895999 0.001753164 0.999939100
vn 0.009247745 0.003401575 0.999951453
vn 0.011441973 0.000035739 0.999934538
vn 0.009724718 0.001753185 0.999951177
vn 0.000048008 0.000000000 0.999999999
vn 0.000012267 0.000035742 0.999999999
vn 0.000000000 0.000000000 1.000000000
vn 0.000000000 0.000000000 1.000000000
vn 0.000000000 0.000000000 1.000000000
vn 0.000000000 0.000000000 1.000000000
vn 0.000000000 0.000000000 1.000000000
vn 0.000000000 0.000000000 1.000000000
vn 0.000000000 0.000000000 1.000000000
vn 0.000000000 0.000000000 1.000000000
vn 0.000000000 0.000000000 1.000000000
vn 0.000000000 0.000000000 1.000000000
vn 0.000000000 0.000000000 1.000000000
vn 0.000000000 0.000000000 1.000000000
vn 0.000000000 0.000000000 1.000000000
vn 0.000000000 0.000000000 1.000000000
vn 0.000000000 0.000000000 1.000000000
vn 0.000000000 0.000000000 1.000000000
vn 0.000000000 0.000000000 1.000000000
vn 0.000000000 0.000000000 1.000000000
vn 0.000000000 0.000000000 1.000000000
vn 0.000000000 0.000000000 1.000000000
vn 0.000000000 0.000000000 1.000000000
vn 0.000000000 0.000000000 1.000000000
vn 0.000000000 0.000000000 1.000000000
vn 0.000000000 0.000000000 1.000000000
vn 0.000000000 0.000000000 1.000000000
vn 0.000000000 0.000000000 1.000000000
vn -0.010565960 0.001563224 0.999942957
vn -0.009002884 0.000000000 0.999959473
vn -0.010896140 0.003175286 0.999935594
vn -0.009284252 0.001563244 0.999955678
f 1//1 2//1 35//1
f 1//2 35//2 34//2
f 2//3 3//3 36//3
f 2//4 36//4 35//4
f 3//5 4//5 37//5
f 3//6 37//6 36//6
f 4//7 5//7 38//7
f 4//8 38//8 37//8
f 5//9 6//9 39//9
f 5//10 39//10 38//10
f 6//11 7//11 40//11
f 6//12 40//12 39//12
f 7//13 8//13 41//13
f 7//14 41//14 40//14
f 8//15 9//15 42//15
f 8//16 42//16 41//16
f 9//17 10//17 43//17
f 9//18 43//18 42//18
f 10//19 11//19 44//19
f 10//20 44//20 43//20
f 11//21 12//21 45//21
f 11//22 45//22 44//22
f 12//23 13//23 46//23
f 12//24 46//24 45//24
f 13//25 14//25 47//25
f 13//26 47//26 46//26
f 14//27 15//27 48//27
f 14//28 48//28 47//28
f 15//29 16//29 49//29
f 15//30 49//30 48//30
f 16//31 17//31 50//31
f 16//32 50//32 49//32
f 17//33 18//33 51//33
f 17//34 51//34 50//34
f 18//35 19//35 52//35
f 18//36 52//36 51//36
f 19//37 20//37 53//37
f 19//38 53//38 52//38
f 20//39 21//39 54//39
f 20//40 54//40 53//40
f 21//41 22//41 55//41
f 21//42 55//42 54//42
f 22//43 23//43 56//43
f 22//44 56//44 55//44
f 23//45 24//45 57//45
f 23//46 57//46 56//46
f 24//47 25//47 58//47
f 24//48 58//48 57//48
f 25//49 26//49 59//49
f 25//50 59//50 58//50
f 26//51 27//51 60//51
f 26//52 60//52 59//52
f 27//53 28//53 61//53
f 27//54 61//54 60//54
f 28//55 29//55 62//55
f 28//56 62//56 61//56
f 29//57 30//57 63//57
f 29//58 63//58 62//58
f 30//59 31//59 64//59
f 30//60 64//60 63//60
f 31//61 32//61 65//61
f 31//62 65//62 64//62
f 32//63 33//63 66//63
f 32//64 66//64 65//64
f 34//65 35//65 68//65
f 34//66 68//66 67//66
f 35//67 36//67 69//67
f 35//68 69//68 68//68
f 36//69 37//69 70//69
f 36//70 70//70 69//70
f 37//71 38//71 71//71
f 37//72 71//72 70//72
f 38//73 39//73 72//73
f 38//74 72//74 71//74
f 39//75 40//75 73//75
f 39//76 73//76 72//76
f 40//77 41//77 74//77
f 40//78 74//78 73//78
f 41//79 42//79 75//79
f 41//80 75//80 74//80
f 42//81 43//81 76//81
f 42//82 76//82 75//82
f 43//83 44//83 77//83
f 43//84 77//84 76//84
f 44//85 45//85 78//85
f 44//86 78//86 77//86
f 45//87 46//87 79//87
f 45//88 79//88 78//88
f 46//89 47//89 80//89
f 46//90 80//90 79//90
f 47//91 48//91 81//91
f 47//92 81//92 80//92
f 48//93 49//93 82//93
f 48//94 82//94 81//94
f 49//95 50//95 83//95
f 49//96 83//96 82//96
f 50//97 51//97 84//97
f 50//98 84//98 83//98
f 51//99 52//99 85//99
f 51//100 85//100 84//100
f 52//101 53//101 86//101
f 52//102 86//102 85//102
f 53//103 54//103 87//103
f 53//104 87//104 86//104
f 54//105 55//105 88//105
f 54//106 88//106 87//106
f 55//107 56//107 89//107
f 55//108 89//108 88//108
f 56//109 57//109 90//109
f 56//110 90//110 89//110
f 57//111 58//111 91//111
f 57//112 91//112 90//112
f 58//113 59//113 92//113
f 58//114 92//114 91//114
f 59//115 60//115 93//115
f 59//116 93//116 92//116
f 60//117 61//117 94//117
f 60//118 94//118 93//118
f 61//119 62//119 95//119
f 61//120 95//120 94//120
f 62//121 63//121 96//121
f 62//122 96//122 95//122
f 63//123 64//123 97//123
f 63//124 97//124 96//124
f 64//125 65//125 98//125
f 64//126 98//126 97//126
f 65//127 66//127 99//127
f 65//128 99//128 98//128
f 67//129 68//129 101//129
f 67//130 101//130 100//130
f 68//131 69//131 102//131
f 68//132 102//132 101//132
f 69//133 70//133 103//133
f 69//134 103//134 102//134
f 70//135 71//135 104//135
f 70//136 104//136 103//136
f 71//137 72//137 105//137
f 71//138 105//138 104//138
f 72//139 73//139 106//139
f 72//140 106//140 105//140
f 73//141 74//141 107//141
f 73//142 107//142 106//142
f 74//143 75//143 108//143
f 74//144 108//144 107//144
f 75//145 76//145 109//145
f 75//146 109//146 108//146
f 76//147 77//147 110//147
f 76//148 110//148 109//148
f 77//149 78//149 111//149
f 77//150 111//150 110//150
f 78//151 79//151 112//151
f 78//152 112//152 111//152
f 79//153 80//153 113//153
f 79//154 113//154 112//154
f 80//155 81//155 114//155
f 80//156 114//156 113//156
f 81//157 82//157 115//157
f 81//158 115//158 114//158
f 82//159 83//159 116//159
f 82//160 116//160 115//160
f 83//161 84//161 117//161
f 83//162 117//162 116//162
f 84//163 85//163 118//163
f 84//164 118//164 117//164
f 85//165 86//165 119//165
f 85//166 119//166 118//166
f 86//167 87//167 120//167
f 86//168 120//168 119//168
f 87//169 88//169 121//169
f 87//170 121//170 120//170
f 88//171 89//171 122//171
f 88//172 122//172 121//172
f 89//173 90//173 123//173
f 89//174 123//174 122//174
f 90//175 91//175 124//175
f 90//176 124//176 123//176
f 91//177 92//177 125//177
f 91//178 125//178 124//178
f 92//179 93//179 126//179
f 92//180 126//180 125//180
f 93//181 94//181 127//181
f 93//182 127//182 126//182
f 94//183 95//183 128//183
f 94//184 128//184 127//184
f 95//185 96//185 129//185
f 95//186 129//186 128//186
f 96//187 97//187 130//187
f 96//188 130//188 129//188
f 97//189 98//189 131//189
f 97//190 131//190 130//190
f 98//191 99//191 132//191
f 98//192 132//192 131//192
f 100//193 101//193 134//193
f 100//194 134//194 133//194
f 101//195 102//195 135//195
f 101//196 135//196 134//196
f 102//197 103//197 136//197
f 102//198 136//198 135//198
f 103//199 104//199 137//199
f 103//200 137//200 136//200
f 104//201 105//201 138//201
f 104//202 138//202 137//202
f 105//203 106//203 139//203
f 105//204 139//204 138//204
f 106//205 107//205 140//205
f 106//206 140//206 139//206
f 107//207 108//207 141//207
f 107//208 141//208 140//208
f 108//209 109//209 142//209
f 108//210 142//210 141//210
f 109//211 110//211 143//211
f 109//212 143//212 142//212
f 110//213 111//213 144//213
f 110//214 144//214 143//214
f 111//215 112//215 145//215
f 111//216 145//216 144//216
f 112//217 113//217 146//217
f 112//218 146//218 145//218
f 113//219 114//219 147//219
f 113//220 147//220 146//220
f 114//221 115//221 148//221
f 114//222 148//222 147//222
f 115//223 116//223 149//223
f 115//224 149//224 148//224
f 116//225 117//225 150//225
f 116//226 150//226 149//226
f 117//227 118//227 151//227
f 117//228 151//228 150//228
f 118//229 119//229 152//229
f 118//230 152//230 151//230
f 119//231 120//231 153//231
f 119//232 153//232 152//232
f 120//233 121//233 154//233
f 120//234 154//234 153//234
f 121//235 122//235 155//235
f 121//236 155//236 154//236
f 122//237 123//237 156//237
f 122//238 156//238 155//238
f 123//239 124//239 157//239
f 123//240 157//240 156//240
f 124//241 125//241 158//241
f 124//242 158//242 157//242
f 125//243 126//243 159//243
f 125//244 159//244 158//244
f 126//245 127//245 160//245
f 126//246 160//246 159//246
f 127//247 128//247 161//247
f 127//248 161//248 160//248
f 128//249 129//249 162//249
f 128//250 162//250 161//250
f 129//251 130//251 163//251
f 129//252 163//252 162//252
f 130//253 131//253 164//253
f 130//254 164//254 163//254
f 131//255 132//255 165//255
f 131//256 165//256 164//256
f 133//257 134//257 167//257
f 133//258 167//258 166//258
f 134//259 135//259 168//259
f 134//260 168//260 167//260
f 135//261 136//261 169//261
f 135//262 169//262 168//262
f 136//263 137//263 170//263
f 136//264 170//264 169//264
f 137//265 138//265 171//265
f 137//266 171//266 170//266
f 138//267 139//267 172//267
f 138//268 172//268 171//268
f 139//269 140//269 173//269
f 139//270 173//270 172//270
f 140//271 141//271 174//271
f 140//272 174//272 173//272
f 141//273 142//273 175//273
f 141//274 175//274 174//274
f 142//275 143//275 176//275
f 142//276 176//276 175//276
f 143//277 144//277 177//277
f 143//278 177//278 176//278
f 144//279 145//279 178//279
f 144//280 178//280 177//280
f 145//281 146//281 179//281
f 145//282 179//282 178//282
f 146//283 147//283 180//283
f 146//284 180//284 179//284
f 147//285 148//285 181//285
f 147//286 181//286 180//286
f 148//287 149//287 182//287
f 148//288 182//288 181//288
f 149//289 150//289 183//289
f 149//290 183//290 182//290
f 150//291 151//291 184//291
f 150//292 184//292 183//292
f 151//293 152//293 185//293
f 151//294 185//294 184//294
f 152//295 153//295 186//295
f 152//296 186//296 185//296
f 153//297 154//297 187//297
f 153//298 187//298 186//298
f 154//299 155//299 188//299
f 154//300 188//300 187//300
f 155//301 156//301 189//301
f 155//302 189//302 188//302
f 156//303 157//303 190//303
f 156//304 190//304 189//304
f 157//305 158//305 191//305
f 157//306 191//306 190//306
f 158//307 159//307 192//307
f 158//308 192//308 191//308
f 159//309 160//309 193//309
f 159//310 193//310 192//310
f 160//311 161//311 194//311
f 160//312 194//312 193//312
f 161//313 162//313 195//313
f 161//314 195//314 194//314
f 162//315 163//315 196//315
f 162//316 196//316 195//316
f 163//317 164//317 197//317
f 163//318 197//318 196//318
f 164//319 165//319 198//319
f 164//320 198//320 197//320
f 166//321 167//321 200//321
f 166//322 200//322 199//322
f 167//323 168//323 201//323
f 167//324 201//324 200//324
f 168//325 169//325 202//325
f 168//326 202//326 201//326
f 169//327 170//327 203//327
f 169//328 203//328 202//328
f 170//329 171//329 204//329
f 170//330 204//330 203//330
f 171//331 172//331 205//331
f 171//332 205//332 204//332
f 172//333 173//333 206//333
f 172//334 206//334 205//334
f 173//335 174//335 207//335
f 173//336 207//336 206//336
f 174//337 175//337 208//337
f 174//338 208//338 207//338
f 175//339 176//339 209//339
f 175//340 209//340 208//340
f 176//341 177//341 210//341
f 176//342 210//342 209//342
f 177//343 178//343 211//343
f 177//344 211//344 210//344
f 178//345 179//345 212//345
f 178//346 212//346 211//346
f 179//347 180//347 213//347
f 179//348 213//348 212//348
f 180//349 181//349 214//349
f 180//350 214//350 213//350
f 181//351 182//351 215//351
f 181//352 215//352 214//352
f 182//353 183//353 216//353
f 182//354 216//354 215//354
f 183//355 184//355 217//355
f 183//356 217//356 216//356
f 184//357 185//357 218//357
f 184//358 218//358 217//358
f 185//359 186//359 219//359
f 185//360 219//360 218//360
f 186//361 187//361 220//361
f 186//362 220//362 219//362
f 187//363 188//363 221//363
f 187//364 221//364 220//364
f 188//365 189//365 222//365
f 188//366 222//366 221//366
f 189//367 190//367 223//367
f 189//368 223//368 222//368
f 190//369 191//369 224//369
f 190//370 224//370 223//370
f 191//371 192//371 225//371
f 191//372 225//372 224//372
f 192//373 193//373 226//373
f 192//374 226//374 225//374
f 193//375 194//375 227//375
f 193//376 227//376 226//376
f 194//377 195//377 228//377
f 194//378 228//378 227//378
f 195//379 196//379 229//379
f 195//380 229//380 228//380
f 196//381 197//381 230//381
f 196//382 230//382 229//382
f 197//383 198//383 231//383
f 197//384 231//384 230//384
f 199//385 200//385 233//385
f 199//386 233//386 232//386
f 200//387 201//387 234//387
f 200//388 234//388 233//388
f 201//389 202//389 235//389
f 201//390 235//390 234//390
f 202//391 203//391 236//391
f 202//392 236//392 235//392
f 203//393 204//393 237//393
f 203//394 237//394 236//394
f 204//395 205//395 238//395
f 204//396 238//396 237//396
f 205//397 206//397 239//397
f 205//398 239//398 238//398
f 206//399 207//399 240//399
f 206//400 240//400 239//400
f 207//401 208//401 241//401
f 207//402 241//402 240//402
f 208//403 209//403 242//403
f 208//404 242//404 241//404
f 209//405 210//405 243//405
f 209//406 243//406 242//406
f 210//407 211//407 244//407
f 210//408 244//408 243//408
f 211//409 212//409 245//409
f 211//410 245//410 244//410
f 212//411 213//411 246//411
f 212//412 246//412 245//412
f 213//413 214//413 247//413
f 213//414 247//414 246//414
f 214//415 215//415 248//415
f 214//416 248//416 247//416
f 215//417 216//417 249//417
f 215//418 249//418 248//418
f 216//419 217//419 250//419
f 216//420 250//420 249//420
f 217//421 218//421 251//421
f 217//422 251//422 250//422
f 218//423 219//423 252//423
f 218//424 252//424 251//424
f 219//425 220//425 253//425
f 219//426 253//426 252//426
f 220//427 221//427 254//427
f 220//428 254//428 253//428
f 221//429 222//429 255//429
f 221//430 255//430 254//430
f 222//431 223//431 256//431
f 222//432 256//432 255//432
f 223//433 224//433 257//433
f 223//434 257//434 256//434
f 224//435 225//435 258//435
f 224//436 258//436 257//436
f 225//437 226//437 259//437
f 225//438 259//438 258//438
f 226//439 227//439 260//439
f 226//440 260//440 259//440
f 227//441 228//441 261//441
f 227//442 261//442 260//442
f 228//443 229//443 262//443
f 228//444 262//444 261//444
f 229//445 230//445 263//445
f 229//446 263//446 262//446
f 230//447 231//447 264//447
f 230//448 264//448 263//448
f 232//449 233//449 266//449
f 232//450 266//450 265//450
f 233//451 234//451 267//451
f 233//452 267//452 266//452
f 234//453 235//453 268//453
f 234//454 268//454 267//454
f 235//455 236//455 269//455
f 235//456 269//456 268//456
f 236//457 237//457 270//457
f 236//458 270//458 269//458
f 237//459 238//459 271//459
f 237//460 271//460 270//460
f 238//461 239//461 272//461
f 238//462 272//462 271//462
f 239//463 240//463 273//463
f 239//464 273//464 272//464
f 240//465 241//465 274//465
f 240//466 274//466 273//466
f 241//467 242//467 275//467
f 241//468 275//468 274//468
f 242//469 243//469 276//469
f 242//470 276//470 275//470
f 243//471 244//471 277//471
f 243//472 277//472 276//472
f 244//473 245//473 278//473
f 244//474 278//474 277//474
f 245//475 246//475 279//475
f 245//476 279//476 278//476
f 246//477 247//477 280//477
f 246//478 280//478 279//478
f 247//479 248//479 281//479
f 247//480 281//480 280//480
f 248//481 249//481 282//481
f 248//482 282//482 281//482
f 249//483 250//483 283//483
f 249//484 283//484 282//484
f 250//485 251//485 284//485
f 250//486 284//486 283//486
f 251//487 252//487 285//487
f 251//488 285//488 284//488
f 252//489 253//489 286//489
f 252//490 286//490 285//490
f 253//491 254//491 287//491
f 253//492 287//492 286//492
f 254//493 255//493 288//493
f 254//494 288//494 287//494
f 255//495 256//495 289//495
f 255//496 289//496 288//496
f 256//497 257//497 290//497
f 256//498 290//498 289//498
f 257//499 258//499 291//499
f 257//500 291//500 290//500
f 258//501 259//501 292//501
f 258//502 292//502 291//502
f 259//503 260//503 293//503
f 259//504 293//504 292//504
f 260//505 261//505 294//505
f 260//506 294//506 293//506
f 261//507 262//507 295//507
f 261//508 295//508 294//508
f 262//509 263//509 296//509
f 262//510 296//510 295//510
f 263//511 264//511 297//511
f 263//512 297//512 296//512
f 265//513 266//513 299//513
f 265//514 299//514 298//514
f 266//515 267//515 300//515
f 266//516 300//516 299//516
f 267//517 268//517 301//517
f 267//518 301//518 300//518
f 268//519 269//519 302//519
f 268//520 302//520 301//520
f 269//521 270//521 303//521
f 269//522 303//522 302//522
f 270//523 271//523 304//523
f 270//524 304//524 303//524
f 271//525 272//525 305//525
f 271//526 305//526 304//526
f 272//527 273//527 306//527
f 272//528 306//528 305//528
f 273//529 274//529 307//529
f 273//530 307//530 306//530
f 274//531 275//531 308//531
f 274//532 308//532 307//532
f 275//533 276//533 309//533
f 275//534 309//534 308//534
f 276//535 277//535 310//535
f 276//536 310//536 309//536
f 277//537 278//537 311//537
f 277//538 311//538 310//538
f 278//539 279//539 312//539
f 278//540 312//540 311//540
f 279//541 280//541 313//541
f 279//542 313//542 312//542
f 280//543 281//543 314//543
f 280//544 314//544 313//544
f 281//545 282//545 315//545
f 281//546 315//546 314//546
f 282//547 283//547 316//547
f 282//548 316//548 315//548
f 283//549 284//549 317//549
f 283//550 317//550 316//550
f 284//551 285//551 318//551
f 284//552 318//552 317//552
f 285//553 286//553 319//553
f 285//554 319//554 318//554
f 286//555 287//555 320//555
f 286//556 320//556 319//556
f 287//557 288//557 321//557
f 287//558 321//558 320//558
f 288//559 289//559 322//559
f 288//560 322//560 321//560
f 289//561 290//561 323//561
f 289//562 323//562 322//562
f 290//563 291//563 324//563
f 290//564 324//564 323//564
f 291//565 292//565 325//565
f 291//566 325//566 324//566
f 292//567 293//567 326//567
f 292//568 326//568 325//568
f 293//569 294//569 327//569
f 293//570 327//570 326//570
f 294//571 295//571 328//571
f 294//572 328//572 327//572
f 295//573 296//573 329//573
f 295//574 329//574 328//574
f 296//575 297//575 330//575
f 296//576 330//576 329//576
f 298//577 299//577 332//577
f 298//578 332//578 331//578
f 299//579 300//579 333//579
f 299//580 333//580 332//580
f 300//581 301//581 334//581
f 300//582 334//582 333//582
f 301//583 302//583 335//583
f 301//584 335//584 334//584
f 302//585 303//585 336//585
f 302//586 336//586 335//586
f 303//587 304//587 337//587
f 303//588 337//588 336//588
f 304//589 305//589 338//589
f 304//590 338//590 337//590
f 305//591 306//591 339//591
f 305//592 339//592 338//592
f 306//593 307//593 340//593
f 306//594 340//594 339//594
f 307//595 308//595 341//595
f 307//596 341//596 340//596
f 308//597 309//597 342//597
f 308//598 342//598 341//598
f 309//599 310//599 343//599
f 309//600 343//600 342//600
f 310//601 311//601 344//601
f 310//602 344//602 343//602
f 311//603 312//603 345//603
f 311//604 345//604 344//604
f 312//605 313//605 346//605
f 312//606 346//606 345//606
f 313//607 314//607 347//607
f 313//608 347//608 346//608
f 314//609 315//609 348//609
f 314//610 348//610 347//610
f 315//611 316//611 349//611
f 315//612 349//612 348//612
f 316//613 317//613 350//613
f 316//614 350//614 349//614
f 317//615 318//615 351//615
f 317//616 351//616 350//616
f 318//617 319//617 352//617
f 318//618 352//618 351//618
f 319//619 320//619 353//619
f 319//620 353//620 352//620
f 320//621 321//621 354//621
f 320//622 354//622 353//622
f 321//623 322//623 355//623
f 321//624 355//624 354//624
f 322//625 323//625 356//625
f 322//626 356//626 355//626
f 323//627 324//627 357//627
f 323//628 357//628 356//628
f 324//629 325//629 358//629
f 324//630 358//630 357//630
f 325//631 326//631 359//631
f 325//632 359//632 358//632
f 326//633 327//633 360//633
f 326//634 360//634 359//634
f 327//635 328//635 361//635
f 327//636 361//636 360//636
f 328//637 329//637 362//637
f 328//638 362//638 361//638
f 329//639 330//639 363//639
f 329//640 363//640 362//640
f 331//641 332//641 365//641
f 331//642 365//642 364//642
f 332//643 333//643 366//643
f 332//644 366//644 365//644
f 333//645 334//645 367//645
f 333//646 367//646 366//646
f 334//647 335//647 368//647
f 334//648 368//648 367//648
f 335//649 336//649 369//649
f 335//650 369//650 368//650
f 336//651 337//651 370//651
f 336//652 370//652 369//652
f 337//653 338//653 371//653
f 337//654 371//654 370//654
f 338//655 339//655 372//655
f 338//656 372//656 371//656
f 339//657 340//657 373//657
f 339//658 373//658 372//658
f 340//659 341//659 374//659
f 340//660 374//660 373//660
f 341//661 342//661 375//661
f 341//662 375//662 374//662
f 342//663 343//663 376//663
f 342//664 376//664 375//664
f 343//665 344//665 377//665
f 343//666 377//666 376//666
f 344//667 345//667 378//667
f 344//668 378//668 377//668
f 345//669 346//669 379//669
f 345//670 379//670 378//670
f 346//671 347//671 380//671
f 346//672 380//672 379//672
f 347//673 348//673 381//673
f 347//674 381//674 380//674
f 348//675 349//675 382//675
f 348//676 382//676 381//676
f 349//677 350//677 383//677
f 349//678 383//678 382//678
f 350//679 351//679 384//679
f 350//680 384//680 383//680
f 351//681 352//681 385//681
f 351//682 385//682 384//682
f 352//683 353//683 386//683
f 352//684 386//684 385//684
f 353//685 354//685 387//685
f 353//686 387//686 386//686
f 354//687 355//687 388//687
f 354//688 388//688 387//688
f 355//689 356//689 389//689
f 355//690 389//690 388//690
f 356//691 357//691 390//691
f 356//692 390//692 389//692
f 357//693 358//693 391//693
f 357//694 391//694 390//694
f 358//695 359//695 392//695
f 358//696 392//696 391//696
f 359//697 360//697 393//697
f 359//698 393//698 392//698
f 360//699 361//699 394//699
f 360//700 394//700 393//700
f 361//701 362//701 395//701
f 361//702 395//702 394//702
f 362//703 363//703 396//703
f 362//704 396//704 395//704
f 364//705 365//705 398//705
f 364//706 398//706 397//706
f 365//707 366//707 399//707
f 365//708 399//708 398//708
f 366//709 367//709 400//709
f 366//710 400//710 399//710
f 367//711 368//711 401//711
f 367//712 401//712 400//712
f 368//713 369//713 402//713
f 368//714 402//714 401//714
f 369//715 370//715 403//715
f 369//716 403//716 402//716
f 370//717 371//717 404//717
f 370//718 404//718 403//718
f 371//719 372//719 405//719
f 371//720 405//720 404//720
f 372//721 373//721 406//721
f 372//722 406//722 405//722
f 373//723 374//723 407//723
f 373//724 407//724 406//724
f 374//725 375//725 408//725
f 374//726 408//726 407//726
f 375//727 376//727 409//727
f 375//728 409//728 408//728
f 376//729 377//729 410//729
f 376//730 410//730 409//730
f 377//731 378//731 411//731
f 377//732 411//732 410//732
f 378//733 379//733 412//733
f 378//734 412//734 411//734
f 379//735 380//735 413//735
f 379//736 413//736 412//736
f 380//737 381//737 414//737
f 380//738 414//738 413//738
f 381//739 382//739 415//739
f 381//740 415//740 414//740
f 382//741 383//741 416//741
f 382//742 416//742 415//742
f 383//743 384//743 417//743
f 383//744 417//744 416//744
f 384//745 385//745 418//745
f 384//746 418//746 417//746
f 385//747 386//747 419//747
f 385//748 419//748 418//748
f 386//749 387//749 420//749
f 386//750 420//750 419//750
f 387//751 388//751 421//751
f 387//752 421//752 420//752
f 388//753 389//753 422//753
f 388//754 422//754 421//754
f 389//755 390//755 423//755
f 389//756 423//756 422//756
f 390//757 391//757 424//757
f 390//758 424//758 423//758
f 391//759 392//759 425//759
f 391//760 425//760 424//760
f 392//761 393//761 426//761
f 392//762 426//762 425//762
f 393//763 394//763 427//763
f 393//764 427//764 426//764
f 394//765 395//765 428//765
f 394//766 428//766 427//766
f 395//767 396//767 429//767
f 395//768 429//768 428//768
f 397//769 398//769 431//769
f 397//770 431//770 430//770
f 398//771 399//771 432//771
f 398//772 432//772 431//772
f 399//773 400//773 433//773
f 399//774 433//774 432//774
f 400//775 401//775 434//775
f 400//776 434//776 433//776
f 401//777 402//777 435//777
f 401//778 435//778 434//778
f 402//779 403//779 436//779
f 402//780 436//780 435//780
f 403//781 404//781 437//781
f 403//782 437//782 436//782
f 404//783 405//783 438//783
f 404//784 438//784 437//784
f 405//785 406//785 439//785
f 405//786 439//786 438//786
f 406//787 407//787 440//787
f 406//788 440//788 439//788
f 407//789 408//789 441//789
f 407//790 441//790 440//790
f 408//791 409//791 442//791
f 408//792 442//792 441//792
f 409//793 410//793 443//793
f 409//794 443//794 442//794
f 410//795 411//795 444//795
f 410//796 444//796 443//796
f 411//797 412//797 445//797
f 411//798 445//798 444//798
f 412//799 413//799 446//799
f 412//800 446//800 445//800
f 413//801 414//801 447//801
f 413//802 447//802 446//802
f 414//803 415//803 448//803
f 414//804 448//804 447//804
f 415//805 416//805 449//805
f 415//806 449//806 448//806
f 416//807 417//807 450//807
f 416//808 450//808 449//808
f 417//809 418//809 451//809
f 417//810 451//810 450//810
f 418//811 419//811 452//811
f 418//812 452//812 451//812
f 419//813 420//813 453//813
f 419//814 453//814 452//814
f 420//815 421//815 454//815
f 420//816 454//816 453//816
f 421//817 422//817 455//817
f 421//818 455//818 454//818
f 422//819 423//819 456//819
f 422//820 456//820 455//820
f 423//821 424//821 457//821
f 423//822 457//822 456//822
f 424//823 425//823 458//823
f 424//824 458//824 457//824
f 425//825 426//825 459//825
f 425//826 459//826 458//826
f 426//827 427//827 460//827
f 426//828 460//828 459//828
f 427//829 428//829 461//829
f 427//830 461//830 460//830
f 428//831 429//831 462//831
f 428//832 462//832 461//832
f 430//833 431//833 464//833
f 430//834 464//834 463//834
f 431//835 432//835 465//835
f 431//836 465//836 464//836
f 432//837 433//837 466//837
f 432//838 466//838 465//838
f 433//839 434//839 467//839
f 433//840 467//840 466//840
f 434//841 435//841 468//841
f 434//842 468//842 467//842
f 435//843 436//843 469//843
f 435//844 469//844 468//844
f 436//845 437//845 470//845
f 436//846 470//846 469//846
f 437//847 438//847 471//847
f 437//848 471//848 470//848
f 438//849 439//849 472//849
f 438//850 472//850 471//850
f 439//851 440//851 473//851
f 439//852 473//852 472//852
f 440//853 441//853 474//853
f 440//854 474//854 473//854
f 441//855 442//855 475//855
f 441//856 475//856 474//856
f 442//857 443//857 476//857
f 442//858 476//858 475//858
f 443//859 444//859 477//859
f 443//860 477//860 476//860
f 444//861 445//861 478//861
f 444//862 478//862 477//862
f 445//863 446//863 479//863
f 445//864 479//864 478//864
f 446//865 447//865 480//865
f 446//866 480//866 479//866
f 447//867 448//867 481//867
f 447//868 481//868 480//868
f 448//869 449//869 482//869
f 448//870 482//870 481//870
f 449//871 450//871 483//871
f 449//872 483//872 482//872
f 450//873 451//873 484//873
f 450//874 484//874 483//874
f 451//875 452//875 485//875
f 451//876 485//876 484//876
f 452//877 453//877 486//877
f 452//878 486//878 485//878
f 453//879 454//879 487//879
f 453//880 487//880 486//880
f 454//881 455//881 488//881
f 454//882 488//882 487//882
f 455//883 456//883 489//883
f 455//884 489//884 488//884
f 456//885 457//885 490//885
f 456//886 490//886 489//886
f 457//887 458//887 491//887
f 457//888 491//888 490//888
f 458//889 459//889 492//889
f 458//890 492//890 491//890
f 459//891 460//891 493//891
f 459//892 493//892 492//892
f 460//893 461//893 494//893
f 460//894 494//894 493//894
f 461//895 462//895 495//895
f 461//896 495//896 494//896
f 463//897 464//897 497//897
f 463//898 497//898 496//898
f 464//899 465//899 498//899
f 464//900 498//900 497//900
f 465//901 466//901 499//901
f 465//902 499//902 498//902
f 466//903 467//903 500//903
f 466//904 500//904 499//904
f 467//905 468//905 501//905
f 467//906 501//906 500//906
f 468//907 469//907 502//907
f 468//908 502//908 501//908
f 469//909 470//909 503//909
f 469//910 503//910 502//910
f 470//911 471//911 504//911
f 470//912 504//912 503//912
f 471//913 472//913 505//913
f 471//914 505//914 504//914
f 472//915 473//915 506//915
f 472//916 506//916 505//916
f 473//917 474//917 507//917
f 473//918 507//918 506//918
f 474//919 475//919 508//919
f 474//920 508//920 507//920
f 475//921 476//921 509//921
f 475//922 509//922 508//922
f 476//923 477//923 510//923
f 476//924 510//924 509//924
f 477//925 478//925 511//925
f 477//926 511//926 510//926
f 478//927 479//927 512//927
f 478//928 512//928 511//928
f 479//929 480//929 513//929
f 479//930 513//930 512//930
f 480//931 481//931 514//931
f 480//932 514//932 513//932
f 481//933 482//933 515//933
f 481//934 515//934 514//934
f 482//935 483//935 516//935
f 482//936 516//936 515//936
f 483//937 484//937 517//937
f 483//938 517//938 516//938
f 484//939 485//939 518//939
f 484//940 518//940 517//940
f 485//941 486//941 519//941
f 485//942 519//942 518//942
f 486//943 487//943 520//943
f 486//944 520//944 519//944
f 487//945 488//945 521//945
f 487//946 521//946 520//946
f 488//947 489//947 522//947
f 488//948 522//948 521//948
f 489//949 490//949 523//949
f 489//950 523//950 522//950
f 490//951 491//951 524//951
f 490//952 524//952 523//952
f 491//953 492//953 525//953
f 491//954 525//954 524//954
f 492//955 493//955 526//955
f 492//956 526//956 525//956
f 493//957 494//957 527//957
f 493//958 527//958 526//958
f 494//959 495//959 528//959
f 494//960 528//960 527//960
f 496//961 497//961 530//961
f 496//962 530//962 529//962
f 497//963 498//963 531//963
f 497//964 531//964 530//964
f 498//965 499//965 532//965
f 498//966 532//966 531//966
f 499//967 500//967 533//967
f 499//968 533//968 532//968
f 500//969 501//969 534//969
f 500//970 534//970 533//970
f 501//971 502//971 535//971
f 501//972 535//972 534//972
f 502//973 503//973 536//973
f 502//974 536//974 535//974
f 503//975 504//975 537//975
f 503//976 537//976 536//976
f 504//977 505//977 538//977
f 504//978 538//978 537//978
f 505//979 506//979 539//979
f 505//980 539//980 538//980
f 506//981 507//981 540//981
f 506//982 540//982 539//982
f 507//983 508//983 541//983
f 507//984 541//984 540//984
f 508//985 509//985 542//985
f 508//986 542//986 541//986
f 509//987 510//987 543//987
f 509//988 543//988 542//988
f 510//989 511//989 544//989
f 510//990 544//990 543//990
f 511//991 512//991 545//991
f 511//992 545//992 544//992
f 512//993 513//993 546//993
f 512//994 546//994 545//994
f 513//995 514//995 547//995
f 513//996 547//996 546//996
f 514//997 515//997 548//997
f 514//998 548//998 547//998
f 515//999 516//999 549//999
f 515//1000 549//1000 548//1000
f 516//1001 517//1001 550//1001
f 516//1002 550//1002 549//1002
f 517//1003 518//1003 551//1003
f 517//1004 551//1004 550//1004
f 518//1005 519//1005 552//1005
f 518//1006 552//1006 551//1006
f 519//1007 520//1007 553//1007
f 519//1008 553//1008 552//1008
f 520//1009 521//1009 554//1009
f 520//1010 554//1010 553//1010
f 521//1011 522//1011 555//1011
f 521//1012 555//1012 554//1012
f 522//1013 523//1013 556//1013
f 522//1014 556//1014 555//1014
f 523//1015 524//1015 557//1015
f 523//1016 557//1016 556//1016
f 524//1017 525//1017 558//1017
f 524//1018 558//1018 557//1018
f 525//1019 526//1019 559//1019
f 525//1020 559//1020 558//1020
f 526//1021 527//1021 560//1021
f 526//1022 560//1022 559//1022
f 527//1023 528//1023 561//1023
f 527//1024 561//1024 560//1024
f 529//1025 530//1025 563//1025
f 529//1026 563//1026 562//1026
f 530//1027 531//1027 564//1027
f 530//1028 564//1028 563//1028
f 531//1029 532//1029 565//1029
f 531//1030 565//1030 564//1030
f 532//1031 533//1031 566//1031
f 532//1032 566//1032 565//1032
f 533//1033 534//1033 567//1033
f 533//1034 567//1034 566//1034
f 534//1035 535//1035 568//1035
f 534//1036 568//1036 567//1036
f 535//1037 536//1037 569//1037
f 535//1038 569//1038 568//1038
f 536//1039 537//1039 570//1039
f 536//1040 570//1040 569//1040
f 537//1041 538//1041 571//1041
f 537//1042 571//1042 570//1042
f 538//1043 539//1043 572//1043
f 538//1044 572//1044 571//1044
f 539//1045 540//1045 573//1045
f 539//1046 573//1046 572//1046
f 540//1047 541//1047 574//1047
f 540//1048 574//1048 573//1048
f 541//1049 542//1049 575//1049
f 541//1050 575//1050 574//1050
f 542//1051 543//1051 576//1051
f 542//1052 576//1052 575//1052
f 543//1053 544//1053 577//1053
f 543//1054 577//1054 576//1054
f 544//1055 545//1055 578//1055
f 544//1056 578//1056 577//1056
f 545//1057 546//1057 579//1057
f 545//1058 579//1058 578//1058
f 546//1059 547//1059 580//1059
f 546//1060 580//1060 579//1060
f 547//1061 548//1061 581//1061
f 547//1062 581//1062 580//1062
f 548//1063 549//1063 582//1063
f 548//1064 582//1064 581//1064
f 549//1065 550//1065 583//1065
f 549//1066 583//1066 582//1066
f 550//1067 551//1067 584//1067
f 550//1068 584//1068 583//1068
f 551//1069 552//1069 585//1069
f 551//1070 585//1070 584//1070
f 552//1071 553//1071 586//1071
f 552//1072 586//1072 585//1072
f 553//1073 554//1073 587//1073
f 553//1074 587//1074 586//1074
f 554//1075 555//1075 588//1075
f 554//1076 588//1076 587//1076
f 555//1077 556//1077 589//1077
f 555//1078 589//1078 588//1078
f 556//1079 557//1079 590//1079
f 556//1080 590//1080 589//1080
f 557//1081 558//1081 591//1081
f 557//1082 591//1082 590//1082
f 558//1083 559//1083 592//1083
f 558//1084 592//1084 591//1084
f 559//1085 560//1085 593//1085
f 559//1086 593//1086 592//1086
f 560//1087 561//1087 594//1087
f 560//1088 594//1088 593//1088
f 562//1089 563//1089 596//1089
f 562//1090 596//1090 595//1090
f 563//1091 564//1091 597//1091
f 563//1092 597//1092 596//1092
f 564//1093 565//1093 598//1093
f 564//1094 598//1094 597//1094
f 565//1095 566//1095 599//1095
f 565//1096 599//1096 598//1096
f 566//1097 567//1097 600//1097
f 566//1098 600//1098 599//1098
f 567//1099 568//1099 601//1099
f 567//1100 601//1100 600//1100
f 568//1101 569//1101 602//1101
f 568//1102 602//1102 601//1102
f 569//1103 570//1103 603//1103
f 569//1104 603//1104 602//1104
f 570//1105 571//1105 604//1105
f 570//1106 604//1106 603//1106
f 571//1107 572//1107 605//1107
f 571//1108 605//1108 604//1108
f 572//1109 573//1109 606//1109
f 572//1110 606//1110 605//1110
f 573//1111 574//1111 607//1111
f 573//1112 607//1112 606//1112
f 574//1113 575//1113 608//1113
f 574//1114 608//1114 607//1114
f 575//1115 576//1115 609//1115
f 575//1116 609//1116 608//1116
f 576//1117 577//1117 610//1117
f 576//1118 610//1118 609//1118
f 577//1119 578//1119 611//1119
f 577//1120 611//1120 610//1120
f 578//1121 579//1121 612//1121
f 578//1122 612//1122 611//1122
f 579//1123 580//1123 613//1123
f 579//1124 613//1124 612//1124
f 580//1125 581//1125 614//1125
f 580//1126 614//1126 613//1126
f 581//1127 582//1127 615//1127
f 581//1128 615//1128 614//1128
f 582//1129 583//1129 616//1129
f 582//1130 616//1130 615//1130
f 583//1131 584//1131 617//1131
f 583//1132 617//1132 616//1132
f 584//1133 585//1133 618//1133
f 584//1134 618//1134 617//1134
f 585//1135 586//1135 619//1135
f 585//1136 619//1136 618//1136
f 586//1137 587//1137 620//1137
f 586//1138 620//1138 619//1138
f 587//1139 588//1139 621//1139
f 587//1140 621//1140 620//1140
f 588//1141 589//1141 622//1141
f 588//1142 622//1142 621//1142
f 589//1143 590//1143 623//1143
f 589//1144 623//1144 622//1144
f 590//1145 591//1145 624//1145
f 590//1146 624//1146 623//1146
f 591//1147 592//1147 625//1147
f 591//1148 625//1148 624//1148
f 592//1149 593//1149 626//1149
f 592//1150 626//1150 625//1150
f 593//1151 594//1151 627//1151
f 593//1152 627//1152 626//1152
f 595//1153 596//1153 629//1153
f 595//1154 629//1154 628//1154
f 596//1155 597//1155 630//1155
f 596//1156 630//1156 629//1156
f 597//1157 598//1157 631//1157
f 597//1158 631//1158 630//1158
f 598//1159 599//1159 632//1159
f 598//1160 632//1160 631//1160
f 599//1161 600//1161 633//1161
f 599//1162 633//1162 632//1162
f 600//1163 601//1163 634//1163
f 600//1164 634//1164 633//1164
f 601//1165 602//1165 635//1165
f 601//1166 635//1166 634//1166
f 602//1167 603//1167 636//1167
f 602//1168 636//1168 635//1168
f 603//1169 604//1169 637//1169
f 603//1170 637//1170 636//1170
f 604//1171 605//1171 638//1171
f 604//1172 638//1172 637//1172
f 605//1173 606//1173 639//1173
f 605//1174 639//1174 638//1174
f 606//1175 607//1175 640//1175
f 606//1176 640//1176 639//1176
f 607//1177 608//1177 641//1177
f 607//1178 641//1178 640//1178
f 608//1179 609//1179 642//1179
f 608//1180 642//1180 641//1180
f 609//1181 610//1181 643//1181
f 609//1182 643//1182 642//1182
f 610//1183 611//1183 644//1183
f 610//1184 644//1184 643//1184
f 611//1185 612//1185 645//1185
f 611//1186 645//1186 644//1186
f 612//1187 613//1187 646//1187
f 612//1188 646//1188 645//1188
f 613//1189 614//1189 647//1189
f 613//1190 647//1190 646//1190
f 614//1191 615//1191 648//1191
f 614//1192 648//1192 647//1192
f 615//1193 616//1193 649//1193
f 615//1194 649//1194 648//1194
f 616//1195 617//1195 650//1195
f 616//1196 650//1196 649//1196
f 617//1197 618//1197 651//1197
f 617//1198 651//1198 650//1198
f 618//1199 619//1199 652//1199
f 618//1200 652//1200 651//1200
f 619//1201 620//1201 653//1201
f 619//1202 653//1202 652//1202
f 620//1203 621//1203 654//1203
f 620//1204 654//1204 653//1204
f 621//1205 622//1205 655//1205
f 621//1206 655//1206 654//1206
f 622//1207 623//1207 656//1207
f 622//1208 656//1208 655//1208
f 623//1209 624//1209 657//1209
f 623//1210 657//1210 656//1210
f 624//1211 625//1211 658//1211
f 624//1212 658//1212 657//1212
f 625//1213 626//1213 659//1213
f 625//1214 659//1214 658//1214
f 626//1215 627//1215 660//1215
f 626//1216 660//1216 659//1216
f 628//1217 629//1217 662//1217
f 628//1218 662//1218 661//1218
f 629//1219 630//1219 663//1219
f 629//1220 663//1220 662//1220
f 630//1221 631//1221 664//1221
f 630//1222 664//1222 663//1222
f 631//1223 632//1223 665//1223
f 631//1224 665//1224 664//1224
f 632//1225 633//1225 666//1225
f 632//1226 666//1226 665//1226
f 633//1227 634//1227 667//1227
f 633//1228 667//1228 666//1228
f 634//1229 635//1229 668//1229
f 634//1230 668//1230 667//1230
f 635//1231 636//1231 669//1231
f 635//1232 669//1232 668//1232
f 636//1233 637//1233 670//1233
f 636//1234 670//1234 669//1234
f 637//1235 638//1235 671//1235
f 637//1236 671//1236 670//1236
f 638//1237 639//1237 672//1237
f 638//1238 672//1238 671//1238
f 639//1239 640//1239 673//1239
f 639//1240 673//1240 672//1240
f 640//1241 641//1241 674//1241
f 640//1242 674//1242 673//1242
f 641//1243 642//1243 675//1243
f 641//1244 675//1244 674//1244
f 642//1245 643//1245 676//1245
f 642//1246 676//1246 675//1246
f 643//1247 644//1247 677//1247
f 643//1248 677//1248 676//1248
f 644//1249 645//1249 678//1249
f 644//1250 678//1250 677//1250
f 645//1251 646//1251 679//1251
f 645//1252 679//1252 678//1252
f 646//1253 647//1253 680//1253
f 646//1254 680//1254 679//1254
f 647//1255 648//1255 681//1255
f 647//1256 681//1256 680//1256
f 648//1257 649//1257 682//1257
f 648//1258 682//1258 681//1258
f 649//1259 650//1259 683//1259
f 649//1260 683//1260 682//1260
f 650//1261 651//1261 684//1261
f 650//1262 684//1262 683//1262
f 651//1263 652//1263 685//1263
f 651//1264 685//1264 684//1264
f 652//1265 653//1265 686//1265
f 652//1266 686//1266 685//1266
f 653//1267 654//1267 687//1267
f 653//1268 687//1268 686//1268
f 654//1269 655//1269 688//1269
f 654//1270 688//1270 687//1270
f 655//1271 656//1271 689//1271
f 655//1272 689//1272 688//1272
f 656//1273 657//1273 690//1273
f 656//1274 690//1274 689//1274
f 657//1275 658//1275 691//1275
f 657//1276 691//1276 690//1276
f 658//1277 659//1277 692//1277
f 658//1278 692//1278 691//1278
f 659//1279 660//1279 693//1279
f 659//1280 693//1280 692//1280
f 661//1281 662//1281 695//1281
f 661//1282 695//1282 694//1282
f 662//1283 663//1283 696//1283
f 662//1284 696//1284 695//1284
f 663//1285 664//1285 697//1285
f 663//1286 697//1286 696//1286
f 664//1287 665//1287 698//1287
f 664//1288 698//1288 697//1288
f 665//1289 666//1289 699//1289
f 665//1290 699//1290 698//1290
f 666//1291 667//1291 700//1291
f 666//1292 700//1292 699//1292
f 667//1293 668//1293 701//1293
f 667//1294 701//1294 700//1294
f 668//1295 669//1295 702//1295
f 668//1296 702//1296 701//1296
f 669//1297 670//1297 703//1297
f 669//1298 703//1298 702//1298
f 670//1299 671//1299 704//1299
f 670//1300 704//1300 703//1300
f 671//1301 672//1301 705//1301
f 671//1302 705//1302 704//1302
f 672//1303 673//1303 706//1303
f 672//1304 706//1304 705//1304
f 673//1305 674//1305 707//1305
f 673//1306 707//1306 706//1306
f 674//1307 675//1307 708//1307
f 674//1308 708//1308 707//1308
f 675//1309 676//1309 709//1309
f 675//1310 709//1310 708//1310
f 676//1311 677//1311 710//1311
f 676//1312 710//1312 709//1312
f 677//1313 678//1313 711//1313
f 677//1314 711//1314 710//1314
f 678//1315 679//1315 712//1315
f 678//1316 712//1316 711//1316
f 679//1317 680//1317 713//1317
f 679//1318 713//1318 712//1318
f 680//1319 681//1319 714//1319
f 680//1320 714//1320 713//1320
f 681//1321 682//1321 715//1321
f 681//1322 715//1322 714//1322
f 682//1323 683//1323 716//1323
f 682//1324 716//1324 715//1324
f 683//1325 684//1325 717//1325
f 683//1326 717//1326 716//1326
f 684//1327 685//1327 718//1327
f 684//1328 718//1328 717//1328
f 685//1329 686//1329 719//1329
f 685//1330 719//1330 718//1330
f 686//1331 687//1331 720//1331
f 686//1332 720//1332 719//1332
f 687//1333 688//1333 721//1333
f 687//1334 721//1334 720//1334
f 688//1335 689//1335 722//1335
f 688//1336 722//1336 721//1336
f 689//1337 690//1337 723//1337
f 689//1338 723//1338 722//1338
f 690//1339 691//1339 724//1339
f 690//1340 724//1340 723//1340
f 691//1341 692//1341 725//1341
f 691//1342 725//1342 724//1342
f 692//1343 693//1343 726//1343
f 692//1344 726//1344 725//1344
f 694//1345 695//1345 728//1345
f 694//1346 728//1346 727//1346
f 695//1347 696//1347 729//1347
f 695//1348 729//1348 728//1348
f 696//1349 697//1349 730//1349
f 696//1350 730//1350 729//1350
f 697//1351 698//1351 731//1351
f 697//1352 731//1352 730//1352
f 698//1353 699//1353 732//1353
f 698//1354 732//1354 731//1354
f 699//1355 700//1355 733//1355
f 699//1356 733//1356 732//1356
f 700//1357 701//1357 734//1357
f 700//1358 734//1358 733//1358
f 701//1359 702//1359 735//1359
f 701//1360 735//1360 734//1360
f 702//1361 703//1361 736//1361
f 702//1362 736//1362 735//1362
f 703//1363 704//1363 737//1363
f 703//1364 737//1364 736//1364
f 704//1365 705//1365 738//1365
f 704//1366 738//1366 737//1366
f 705//1367 706//1367 739//1367
f 705//1368 739//1368 738//1368
f 706//1369 707//1369 740//1369
f 706//1370 740//1370 739//1370
f 707//1371 708//1371 741//1371
f 707//1372 741//1372 740//1372
f 708//1373 709//1373 742//1373
f 708//1374 742//1374 741//1374
f 709//1375 710//1375 743//1375
f 709//1376 743//1376 742//1376
f 710//1377 711//1377 744//1377
f 710//1378 744//1378 743//1378
f 711//1379 712//1379 745//1379
f 711//1380 745//1380 744//1380
f 712//1381 713//1381 746//1381
f 712//1382 746//1382 745//1382
f 713//1383 714//1383 747//1383
f 713//1384 747//1384 746//1384
f 714//1385 715//1385 748//1385
f 714//1386 748//1386 747//1386
f 715//1387 716//1387 749//1387
f 715//1388 749//1388 748//1388
f 716//1389 717//1389 750//1389
f 716//1390 750//1390 749//1390
f 717//1391 718//1391 751//1391
f 717//1392 751//1392 750//1392
f 718//1393 719//1393 752//1393
f 718//1394 752//1394 751//1394
f 719//1395 720//1395 753//1395
f 719//1396 753//1396 752//1396
f 720//1397 721//1397 754//1397
f 720//1398 754//1398 753//1398
f 721//1399 722//1399 755//1399
f 721//1400 755//1400 754//1400
f 722//1401 723//1401 756//1401
f 722//1402 756//1402 755//1402
f 723//1403 724//1403 757//1403
f 723//1404 757//1404 756//1404
f 724//1405 725//1405 758//1405
f 724//1406 758//1406 757//1406
f 725//1407 726//1407 759//1407
f 725//1408 759//1408 758//1408
f 727//1409 728//1409 761//1409
f 727//1410 761//1410 760//1410
f 728//1411 729//1411 762//1411
f 728//1412 762//1412 761//1412
f 729//1413 730//1413 763//1413
f 729//1414 763//1414 762//1414
f 730//1415 731//1415 764//1415
f 730//1416 764//1416 763//1416
f 731//1417 732//1417 765//1417
f 731//1418 765//1418 764//1418
f 732//1419 733//1419 766//1419
f 732//1420 766//1420 765//1420
f 733//1421 734//1421 767//1421
f 733//1422 767//1422 766//1422
f 734//1423 735//1423 768//1423
f 734//1424 768//1424 767//1424
f 735//1425 736//1425 769//1425
f 735//1426 769//1426 768//1426
f 736//1427 737//1427 770//1427
f 736//1428 770//1428 769//1428
f 737//1429 738//1429 771//1429
f 737//1430 771//1430 770//1430
f 738//1431 739//1431 772//1431
f 738//1432 772//1432 771//1432
f 739//1433 740//1433 773//1433
f 739//1434 773//1434 772//1434
f 740//1435 741//1435 774//1435
f 740//1436 774//1436 773//1436
f 741//1437 742//1437 775//1437
f 741//1438 775//1438 774//1438
f 742//1439 743//1439 776//1439
f 742//1440 776//1440 775//1440
f 743//1441 744//1441 777//1441
f 743//1442 777//1442 776//1442
f 744//1443 745//1443 778//1443
f 744//1444 778//1444 777//1444
f 745//1445 746//1445 779//1445
f 745//1446 779//1446 778//1446
f 746//1447 747//1447 780//1447
f 746//1448 780//1448 779//1448
f 747//1449 748//1449 781//1449
f 747//1450 781//1450 780//1450
f 748//1451 749//1451 782//1451
f 748//1452 782//1452 781//1452
f 749//1453 750//1453 783//1453
f 749//1454 783//1454 782//1454
f 750//1455 751//1455 784//1455
f 750//1456 784//1456 783//1456
f 751//1457 752//1457 785//1457
f 751//1458 785//1458 784//1458
f 752//1459 753//1459 786//1459
f 752//1460 786//1460 785//1460
f 753//1461 754//1461 787//1461
f 753//1462 787//1462 786//1462
f 754//1463 755//1463 788//1463
f 754//1464 788//1464 787//1464
f 755//1465 756//1465 789//1465
f 755//1466 789//1466 788//1466
f 756//1467 757//1467 790//1467
f 756//1468 790//1468 789//1468
f 757//1469 758//1469 791//1469
f 757//1470 791//1470 790//1470
f 758//1471 759//1471 792//1471
f 758//1472 792//1472 791//1472
f 760//1473 761//1473 794//1473
f 760//1474 794//1474 793//1474
f 761//1475 762//1475 795//1475
f 761//1476 795//1476 794//1476
f 762//1477 763//1477 796//1477
f 762//1478 796//1478 795//1478
f 763//1479 764//1479 797//1479
f 763//1480 797//1480 796//1480
f 764//1481 765//1481 798//1481
f 764//1482 798//1482 797//1482
f 765//1483 766//1483 799//1483
f 765//1484 799//1484 798//1484
f 766//1485 767//1485 800//1485
f 766//1486 800//1486 799//1486
f 767//1487 768//1487 801//1487
f 767//1488 801//1488 800//1488
f 768//1489 769//1489 802//1489
f 768//1490 802//1490 801//1490
f 769//1491 770//1491 803//1491
f 769//1492 803//1492 802//1492
f 770//1493 771//1493 804//1493
f 770//1494 804//1494 803//1494
f 771//1495 772//1495 805//1495
f 771//1496 805//1496 804//1496
f 772//1497 773//1497 806//1497
f 772//1498 806//1498 805//1498
f 773//1499 774//1499 807//1499
f 773//1500 807//1500 806//1500
f 774//1501 775//1501 808//1501
f 774//1502 808//1502 807//1502
f 775//1503 776//1503 809//1503
f 775//1504 809//1504 808//1504
f 776//1505 777//1505 810//1505
f 776//1506 810//1506 809//1506
f 777//1507 778//1507 811//1507
f 777//1508 811//1508 810//1508
f 778//1509 779//1509 812//1509
f 778//1510 812//1510 811//1510
f 779//1511 780//1511 813//1511
f 779//1512 813//1512 812//1512
f 780//1513 781//1513 814//1513
f 780//1514 814//1514 813//1514
f 781//1515 782//1515 815//1515
f 781//1516 815//1516 814//1516
f 782//1517 783//1517 816//1517
f 782//1518 816//1518 815//1518
f 783//1519 784//1519 817//1519
f 783//1520 817//1520 816//1520
f 784//1521 785//1521 818//1521
f 784//1522 818//1522 817//1522
f 785//1523 786//1523 819//1523
f 785//1524 819//1524 818//1524
f 786//1525 787//1525 820//1525
f 786//1526 820//1526 819//1526
f 787//1527 788//1527 821//1527
f 787//1528 821//1528 820//1528
f 788//1529 789//1529 822//1529
f 788//1530 822//1530 821//1530
f 789//1531 790//1531 823//1531
f 789//1532 823//1532 822//1532
f 790//1533 791//1533 824//1533
f 790//1534 824//1534 823//1534
f 791//1535 792//1535 825//1535
f 791//1536 825//1536 824//1536
f 793//1537 794//1537 827//1537
f 793//1538 827//1538 826//1538
f 794//1539 795//1539 828//1539
f 794//1540 828//1540 827//1540
f 795//1541 796//1541 829//1541
f 795//1542 829//1542 828//1542
f 796//1543 797//1543 830//1543
f 796//1544 830//1544 829//1544
f 797//1545 798//1545 831//1545
f 797//1546 831//1546 830//1546
f 798//1547 799//1547 832//1547
f 798//1548 832//1548 831//1548
f 799//1549 800//1549 833//1549
f 799//1550 833//1550 832//1550
f 800//1551 801//1551 834//1551
f 800//1552 834//1552 833//1552
f 801//1553 802//1553 835//1553
f 801//1554 835//1554 834//1554
f 802//1555 803//1555 836//1555
f 802//1556 836//1556 835//1556
f 803//1557 804//1557 837//1557
f 803//1558 837//1558 836//1558
f 804//1559 805//1559 838//1559
f 804//1560 838//1560 837//1560
f 805//1561 806//1561 839//1561
f 805//1562 839//1562 838//1562
f 806//1563 807//1563 840//1563
f 806//1564 840//1564 839//1564
f 807//1565 808//1565 841//1565
f 807//1566 841//1566 840//1566
f 808//1567 809//1567 842//1567
f 808//1568 842//1568 841//1568
f 809//1569 810//1569 843//1569
f 809//1570 843//1570 842//1570
f 810//1571 811//1571 844//1571
f 810//1572 844//1572 843//1572
f 811//1573 812//1573 845//1573
f 811//1574 845//1574 844//1574
f 812//1575 813//1575 846//1575
f 812//1576 846//1576 845//1576
f 813//1577 814//1577 847//1577
f 813//1578 847//1578 846//1578
f 814//1579 815//1579 848//1579
f 814//1580 848//1580 847//1580
f 815//1581 816//1581 849//1581
f 815//1582 849//1582 848//1582
f 816//1583 817//1583 850//1583
f 816//1584 850//1584 849//1584
f 817//1585 818//1585 851//1585
f 817//1586 851//1586 850//1586
f 818//1587 819//1587 852//1587
f 818//1588 852//1588 851//1588
f 819//1589 820//1589 853//1589
f 819//1590 853//1590 852//1590
f 820//1591 821//1591 854//1591
f 820//1592 854//1592 853//1592
f 821//1593 822//1593 855//1593
f 821//1594 855//1594 854//1594
f 822//1595 823//1595 856//1595
f 822//1596 856//1596 855//1596
f 823//1597 824//1597 857//1597
f 823//1598 857//1598 856//1598
f 824//1599 825//1599 858//1599
f 824//1600 858//1600 857//1600
f 826//1601 827//1601 860//1601
f 826//1602 860//1602 859//1602
f 827//1603 828//1603 861//1603
f 827//1604 861//1604 860//1604
f 828//1605 829//1605 862//1605
f 828//1606 862//1606 861//1606
f 829//1607 830//1607 863//1607
f 829//1608 863//1608 862//1608
f 830//1609 831//1609 864//1609
f 830//1610 864//1610 863//1610
f 831//1611 832//1611 865//1611
f 831//1612 865//1612 864//1612
f 832//1613 833//1613 866//1613
f 832//1614 866//1614 865//1614
f 833//1615 834//1615 867//1615
f 833//1616 867//1616 866//1616
f 834//1617 835//1617 868//1617
f 834//1618 868//1618 867//1618
f 835//1619 836//1619 869//1619
f 835//1620 869//1620 868//1620
f 836//1621 837//1621 870//1621
f 836//1622 870//1622 869//1622
f 837//1623 838//1623 871//1623
f 837//1624 871//1624 870//1624
f 838//1625 839//1625 872//1625
f 838//1626 872//1626 871//1626
f 839//1627 840//1627 873//1627
f 839//1628 873//1628 872//1628
f 840//1629 841//1629 874//1629
f 840//1630 874//1630 873//1630
f 841//1631 842//1631 875//1631
f 841//1632 875//1632 874//1632
f 842//1633 843//1633 876//1633
f 842//1634 876//1634 875//1634
f 843//1635 844//1635 877//1635
f 843//1636 877//1636 876//1636
f 844//1637 845//1637 878//1637
f 844//1638 878//1638 877//1638
f 845//1639 846//1639 879//1639
f 845//1640 879//1640 878//1640
f 846//1641 847//1641 880//1641
f 846//1642 880//1642 879//1642
f 847//1643 848//1643 881//1643
f 847//1644 881//1644 880//1644
f 848//1645 849//1645 882//1645
f 848//1646 882//1646 881//1646
f 849//1647 850//1647 883//1647
f 849//1648 883//1648 882//1648
f 850//1649 851//1649 884//1649
f 850//1650 884//1650 883//1650
f 851//1651 852//1651 885//1651
f 851//1652 885//1652 884//1652
f 852//1653 853//1653 886//1653
f 852//1654 886//1654 885//1654
f 853//1655 854//1655 887//1655
f 853//1656 887//1656 886//1656
f 854//1657 855//1657 888//1657
f 854//1658 888//1658 887//1658
f 855//1659 856//1659 889//1659
f 855//1660 889//1660 888//1660
f 856//1661 857//1661 890//1661
f 856//1662 890//1662 889//1662
f 857//1663 858//1663 891//1663
f 857//1664 891//1664 890//1664
f 859//1665 860//1665 893//1665
f 859//1666 893//1666 892//1666
f 860//1667 861//1667 894//1667
f 860//1668 894//1668 893//1668
f 861//1669 862//1669 895//1669
f 861//1670 895//1670 894//1670
f 862//1671 863//1671 896//1671
f 862//1672 896//1672 895//1672
f 863//1673 864//1673 897//1673
f 863//1674 897//1674 896//1674
f 864//1675 865//1675 898//1675
f 864//1676 898//1676 897//1676
f 865//1677 866//1677 899//1677
f 865//1678 899//1678 898//1678
f 866//1679 867//1679 900//1679
f 866//1680 900//1680 899//1680
f 867//1681 868//1681 901//1681
f 867//1682 901//1682 900//1682
f 868//1683 869//1683 902//1683
f 868//1684 902//1684 901//1684
f 869//1685 870//1685 903//1685
f 869//1686 903//1686 902//1686
f 870//1687 871//1687 904//1687
f 870//1688 904//1688 903//1688
f 871//1689 872//1689 905//1689
f 871//1690 905//1690 904//1690
f 872//1691 873//1691 906//1691
f 872//1692 906//1692 905//1692
f 873//1693 874//1693 907//1693
f 873//1694 907//1694 906//1694
f 874//1695 875//1695 908//1695
f 874//1696 908//1696 907//1696
f 875//1697 876//1697 909//1697
f 875//1698 909//1698 908//1698
f 876//1699 877//1699 910//1699
f 876//1700 910//1700 909//1700
f 877//1701 878//1701 911//1701
f 877//1702 911//1702 910//1702
f 878//1703 879//1703 912//1703
f 878//1704 912//1704 911//1704
f 879//1705 880//1705 913//1705
f 879//1706 913//1706 912//1706
f 880//1707 881//1707 914//1707
f 880//1708 914//1708 913//1708
f 881//1709 882//1709 915//1709
f 881//1710 915//1710 914//1710
f 882//1711 883//1711 916//1711
f 882//1712 916//1712 915//1712
f 883//1713 884//1713 917//1713
f 883//1714 917//1714 916//1714
f 884//1715 885//1715 918//1715
f 884//1716 918//1716 917//1716
f 885//1717 886//1717 919//1717
f 885//1718 919//1718 918//1718
f 886//1719 887//1719 920//1719
f 886//1720 920//1720 919//1720
f 887//1721 888//1721 921//1721
f 887//1722 921//1722 920//1722
f 888//1723 889//1723 922//1723
f 888//1724 922//1724 921//1724
f 889//1725 890//1725 923//1725
f 889//1726 923//1726 922//1726
f 890//1727 891//1727 924//1727
f 890//1728 924//1728 923//1728
f 892//1729 893//1729 926//1729
f 892//1730 926//1730 925//1730
f 893//1731 894//1731 927//1731
f 893//1732 927//1732 926//1732
f 894//1733 895//1733 928//1733
f 894//1734 928//1734 927//1734
f 895//1735 896//1735 929//1735
f 895//1736 929//1736 928//1736
f 896//1737 897//1737 930//1737
f 896//1738 930//1738 929//1738
f 897//1739 898//1739 931//1739
f 897//1740 931//1740 930//1740
f 898//1741 899//1741 932//1741
f 898//1742 932//1742 931//1742
f 899//1743 900//1743 933//1743
f 899//1744 933//1744 932//1744
f 900//1745 901//1745 934//1745
f 900//1746 934//1746 933//1746
f 901//1747 902//1747 935//1747
f 901//1748 935//1748 934//1748
f 902//1749 903//1749 936//1749
f 902//1750 936//1750 935//1750
f 903//1751 904//1751 937//1751
f 903//1752 937//1752 936//1752
f 904//1753 905//1753 938//1753
f 904//1754 938//1754 937//1754
f 905//1755 906//1755 939//1755
f 905//1756 939//1756 938//1756
f 906//1757 907//1757 940//1757
f 906//1758 940//1758 939//1758
f 907//1759 908//1759 941//1759
f 907//1760 941//1760 940//1760
f 908//1761 909//1761 942//1761
f 908//1762 942//1762 941//1762
f 909//1763 910//1763 943//1763
f 909//1764 943//1764 942//1764
f 910//1765 911//1765 944//1765
f 910//1766 944//1766 943//1766
f 911//1767 912//1767 945//1767
f 911//1768 945//1768 944//1768
f 912//1769 913//1769 946//1769
f 912//1770 946//1770 945//1770
f 913//1771 914//1771 947//1771
f 913//1772 947//1772 946//1772
f 914//1773 915//1773 948//1773
f 914//1774 948//1774 947//1774
f 915//1775 916//1775 949//1775
f 915//1776 949//1776 948//1776
f 916//1777 917//1777 950//1777
f 916//1778 950//1778 949//1778
f 917//1779 918//1779 951//1779
f 917//1780 951//1780 950//1780
f 918//1781 919//1781 952//1781
f 918//1782 952//1782 951//1782
f 919//1783 920//1783 953//1783
f 919//1784 953//1784 952//1784
f 920//1785 921//1785 954//1785
f 920//1786 954//1786 953//1786
f 921//1787 922//1787 955//1787
f 921//1788 955//1788 954//1788
f 922//1789 923//1789 956//1789
f 922//1790 956//1790 955//1790
f 923//1791 924//1791 957//1791
f 923//1792 957//1792 956//1792
f 925//1793 926//1793 959//1793
f 925//1794 959//1794 958//1794
f 926//1795 927//1795 960//1795
f 926//1796 960//1796 959//1796
f 927//1797 928//1797 961//1797
f 927//1798 961//1798 960//1798
f 928//1799 929//1799 962//1799
f 928//1800 962//1800 961//1800
f 929//1801 930//1801 963//1801
f 929//1802 963//1802 962//1802
f 930//1803 931//1803 964//1803
f 930//1804 964//1804 963//1804
f 931//1805 932//1805 965//1805
f 931//1806 965//1806 964//1806
f 932//1807 933//1807 966//1807
f 932//1808 966//1808 965//1808
f 933//1809 934//1809 967//1809
f 933//1810 967//1810 966//1810
f 934//1811 935//1811 968//1811
f 934//1812 968//1812 967//1812
f 935//1813 936//1813 969//1813
f 935//1814 969//1814 968//1814
f 936//1815 937//1815 970//1815
f 936//1816 970//1816 969//1816
f 937//1817 938//1817 971//1817
f 937//1818 971//1818 970//1818
f 938//1819 939//1819 972//1819
f 938//1820 972//1820 971//1820
f 939//1821 940//1821 973//1821
f 939//1822 973//1822 972//1822
f 940//1823 941//1823 974//1823
f 940//1824 974//1824 973//1824
f 941//1825 942//1825 975//1825
f 941//1826 975//1826 974//1826
f 942//1827 943//1827 976//1827
f 942//1828 976//1828 975//1828
f 943//1829 944//1829 977//1829
f 943//1830 977//1830 976//1830
f 944//1831 945//1831 978//1831
f 944//1832 978//1832 977//1832
f 945//1833 946//1833 979//1833
f 945//1834 979//1834 978//1834
f 946//1835 947//1835 980//1835
f 946//1836 980//1836 979//1836
f 947//1837 948//1837 981//1837
f 947//1838 981//1838 980//1838
f 948//1839 949//1839 982//1839
f 948//1840 982//1840 981//1840
f 949//1841 950//1841 983//1841
f 949//1842 983//1842 982//1842
f 950//1843 951//1843 984//1843
f 950//1844 984//1844 983//1844
f 951//1845 952//1845 985//1845
f 951//1846 985//1846 984//1846
f 952//1847 953//1847 986//1847
f 952//1848 986//1848 985//1848
f 953//1849 954//1849 987//1849
f 953//1850 987//1850 986//1850
f 954//1851 955//1851 988//1851
f 954//1852 988//1852 987//1852
f 955//1853 956//1853 989//1853
f 955//1854 989//1854 988//1854
f 956//1855 957//1855 990//1855
f 956//1856 990//1856 989//1856
f 958//1857 959//1857 992//1857
f 958//1858 992//1858 991//1858
f 959//1859 960//1859 993//1859
f 959//1860 993//1860 992//1860
f 960//1861 961//1861 994//1861
f 960//1862 994//1862 993//1862
f 961//1863 962//1863 995//1863
f 961//1864 995//1864 994//1864
f 962//1865 963//1865 996//1865
f 962//1866 996//1866 995//1866
f 963//1867 964//1867 997//1867
f 963//1868 997//1868 996//1868
f 964//1869 965//1869 998//1869
f 964//1870 998//1870 997//1870
f 965//1871 966//1871 999//1871
f 965//1872 999//1872 998//1872
f 966//1873 967//1873 1000//1873
f 966//1874 1000//1874 999//1874
f 967//1875 968//1875 1001//1875
f 967//1876 1001//1876 1000//1876
f 968//1877 969//1877 1002//1877
f 968//1878 1002//1878 1001//1878
f 969//1879 970//1879 1003//1879
f 969//1880 1003//1880 1002//1880
f 970//1881 971//1881 1004//1881
f 970//1882 1004//1882 1003//1882
f 971//1883 972//1883 1005//1883
f 971//1884 1005//1884 1004//1884
f 972//1885 973//1885 1006//1885
f 972//1886 1006//1886 1005//1886
f 973//1887 974//1887 1007//1887
f 973//1888 1007//1888 1006//1888
f 974//1889 975//1889 1008//1889
f 974//1890 1008//1890 1007//1890
f 975//1891 976//1891 1009//1891
f 975//1892 1009//1892 1008//1892
f 976//1893 977//1893 1010//1893
f 976//1894 1010//1894 1009//1894
f 977//1895 978//1895 1011//1895
f 977//1896 1011//1896 1010//1896
f 978//1897 979//1897 1012//1897
f 978//1898 1012//1898 1011//1898
f 979//1899 980//1899 1013//1899
f 979//1900 1013//1900 1012//1900
f 980//1901 981//1901 1014//1901
f 980//1902 1014//1902 1013//1902
f 981//1903 982//1903 1015//1903
f 981//1904 1015//1904 1014//1904
f 982//1905 983//1905 1016//1905
f 982//1906 1016//1906 1015//1906
f 983//1907 984//1907 1017//1907
f 983//1908 1017//1908 1016//1908
f 984//1909 985//1909 1018//1909
f 984//1910 1018//1910 1017//1910
f 985//1911 986//1911 1019//1911
f 985//1912 1019//1912 1018//1912
f 986//1913 987//1913 1020//1913
f 986//1914 1020//1914 1019//1914
f 987//1915 988//1915 1021//1915
f 987//1916 1021//1916 1020//1916
f 988//1917 989//1917 1022//1917
f 988//1918 1022//1918 1021//1918
f 989//1919 990//1919 1023//1919
f 989//1920 1023//1920 1022//1920
f 991//1921 992//1921 1025//1921
f 991//1922 1025//1922 1024//1922
f 992//1923 993//1923 1026//1923
f 992//1924 1026//1924 1025//1924
f 993//1925 994//1925 1027//1925
f 993//1926 1027//1926 1026//1926
f 994//1927 995//1927 1028//1927
f 994//1928 1028//1928 1027//1928
f 995//1929 996//1929 1029//1929
f 995//1930 1029//1930 1028//1930
f 996//1931 997//1931 1030//1931
f 996//1932 1030//1932 1029//1932
f 997//1933 998//1933 1031//1933
f 997//1934 1031//1934 1030//1934
f 998//1935 999//1935 1032//1935
f 998//1936 1032//1936 1031//1936
f 999//1937 1000//1937 1033//1937
f 999//1938 1033//1938 1032//1938
f 1000//1939 1001//1939 1034//1939
f 1000//1940 1034//1940 1033//1940
f 1001//1941 1002//1941 1035//1941
f 1001//1942 1035//1942 1034//1942
f 1002//1943 1003//1943 1036//1943
f 1002//1944 1036//1944 1035//1944
f 1003//1945 1004//1945 1037//1945
f 1003//1946 1037//1946 1036//1946
f 1004//1947 1005//1947 1038//1947
f 1004//1948 1038//1948 1037//1948
f 1005//1949 1006//1949 1039//1949
f 1005//1950 1039//1950 1038//1950
f 1006//1951 1007//1951 1040//1951
f 1006//1952 1040//1952 1039//1952
f 1007//1953 1008//1953 1041//1953
f 1007//1954 1041//1954 1040//1954
f 1008//1955 1009//1955 1042//1955
f 1008//1956 1042//1956 1041//1956
f 1009//1957 1010//1957 1043//1957
f 1009//1958 1043//1958 1042//1958
f 1010//1959 1011//1959 1044//1959
f 1010//1960 1044//1960 1043//1960
f 1011//1961 1012//1961 1045//1961
f 1011//1962 1045//1962 1044//1962
f 1012//1963 1013//1963 1046//1963
f 1012//1964 1046//1964 1045//1964
f 1013//1965 1014//1965 1047//1965
f 1013//1966 1047//1966 1046//1966
f 1014//1967 1015//1967 1048//1967
f 1014//1968 1048//1968 1047//1968
f 1015//1969 1016//1969 1049//1969
f 1015//1970 1049//1970 1048//1970
f 1016//1971 1017//1971 1050//1971
f 1016//1972 1050//1972 1049//1972
f 1017//1973 1018//1973 1051//1973
f 1017//1974 1051//1974 1050//1974
f 1018//1975 1019//1975 1052//1975
f 1018//1976 1052//1976 1051//1976
f 1019//1977 1020//1977 1053//1977
f 1019//1978 1053//1978 1052//1978
f 1020//1979 1021//1979 1054//1979
f 1020//1980 1054//1980 1053//1980
f 1021//1981 1022//1981 1055//1981
f 1021//1982 1055//1982 1054//1982
f 1022//1983 1023//1983 1056//1983
f 1022//1984 1056//1984 1055//1984
f 1024//1985 1025//1985 1058//1985
f 1024//1986 1058//1986 1057//1986
f 1025//1987 1026//1987 1059//1987
f 1025//1988 1059//1988 1058//1988
f 1026//1989 1027//1989 1060//1989
f 1026//1990 1060//1990 1059//1990
f 1027//1991 1028//1991 1061//1991
f 1027//1992 1061//1992 1060//1992
f 1028//1993 1029//1993 1062//1993
f 1028//1994 1062//1994 1061//1994
f 1029//1995 1030//1995 1063//1995
f 1029//1996 1063//1996 1062//1996
f 1030//1997 1031//1997 1064//1997
f 1030//1998 1064//1998 1063//1998
f 1031//1999 1032//1999 1065//1999
f 1031//2000 1065//2000 1064//2000
f 1032//2001 1033//2001 1066//2001
f 1032//2002 1066//2002 1065//2002
f 1033//2003 1034//2003 1067//2003
f 1033//2004 1067//2004 1066//2004
f 1034//2005 1035//2005 1068//2005
f 1034//2006 1068//2006 1067//2006
f 1035//2007 1036//2007 1069//2007
f 1035//2008 1069//2008 1068//2008
f 1036//2009 1037//2009 1070//2009
f 1036//2010 1070//2010 1069//2010
f 1037//2011 1038//2011 1071//2011
f 1037//2012 1071//2012 1070//2012
f 1038//2013 1039//2013 1072//2013
f 1038//2014 1072//2014 1071//2014
f 1039//2015 1040//2015 1073//2015
f 1039//2016 1073//2016 1072//2016
f 1040//2017 1041//2017 1074//2017
f 1040//2018 1074//2018 1073//2018
f 1041//2019 1042//2019 1075//2019
f 1041//2020 1075//2020 1074//2020
f 1042//2021 1043//2021 1076//2021
f 1042//2022 1076//2022 1075//2022
f 1043//2023 1044//2023 1077//2023
f 1043//2024 1077//2024 1076//2024
f 1044//2025 1045//2025 1078//2025
f 1044//2026 1078//2026 1077//2026
f 1045//2027 1046//2027 1079//2027
f 1045//2028 1079//2028 1078//2028
f 1046//2029 1047//2029 1080//2029
f 1046//2030 1080//2030 1079//2030
f 1047//2031 1048//2031 1081//2031
f 1047//2032 1081//2032 1080//2032
f 1048//2033 1049//2033 1082//2033
f 1048//2034 1082//2034 1081//2034
f 1049//2035 1050//2035 1083//2035
f 1049//2036 1083//2036 1082//2036
f 1050//2037 1051//2037 1084//2037
f 1050//2038 1084//2038 1083//2038
f 1051//2039 1052//2039 1085//2039
f 1051//2040 1085//2040 1084//2040
f 1052//2041 1053//2041 1086//2041
f 1052//2042 1086//2042 1085//2042
f 1053//2043 1054//2043 1087//2043
f 1053//2044 1087//2044 1086//2044
f 1054//2045 1055//2045 1088//2045
f 1054//2046 1088//2046 1087//2046
f 1055//2047 1056//2047 1089//2047
f 1055//2048 1089//2048 1088//2048
